FMID,MostRecentOpeningDate
1000003,2014-10-31
1000008,2017-04-29
1000009,2014-10-11
1000010,
1000011,
1000012,2016-10-14
1000013,2015-11-19
1000016,
1000021,2015-10-31
1000022,
1000023,
1000026,2014-06-21
1000029,
1000030,2014-10-16
1000036,
1000037,2014-11-01
1000043,2013-11-02
1000048,
1000050,
1000051,
1000055,2014-11-22
1000057,2013-11-23
1000058,2013-12-31
1000060,2013-12-21
1000061,2013-12-31
1000062,2013-12-31
1000063,2013-11-24
1000064,2013-12-31
1000065,2013-12-31
1000066,2013-12-31
1000067,2013-12-24
1000069,2013-12-31
1000070,2013-12-31
1000071,2013-11-26
1000072,2013-12-31
1000073,2013-11-27
1000075,2013-08-30
1000076,2013-11-26
1000077,2013-12-22
1000078,2013-12-31
1000079,2013-12-31
1000080,2013-12-31
1000081,2013-12-31
1000082,2013-12-31
1000083,2013-11-27
1000084,2013-11-21
1000085,2013-12-31
1000086,2013-11-20
1000087,2013-12-21
1000088,2013-11-22
1000089,2013-11-26
1000090,2013-11-23
1000093,2013-05-23
1000094,2013-11-23
1000095,2013-11-26
1000096,2013-11-22
1000097,2013-11-22
1000098,2013-11-19
1000099,2013-12-31
1000100,2013-12-31
1000101,2013-11-21
1000104,2013-12-31
1000105,2013-11-16
1000107,2012-10-06
1000108,
1000111,2013-10-15
1000112,2013-10-12
1000113,
1000117,
1000118,2016-03-26
1000119,2013-12-17
1000121,
1000122,
1000123,
1000127,2013-09-27
1000130,2014-12-31
1000133,2014-10-25
1000134,2014-10-08
1000138,2013-11-16
1000141,2013-08-29
1000144,
1000146,2016-11-05
1000151,
1000155,2013-08-31
1000158,2016-11-30
1000159,2013-10-30
1000162,2015-10-09
1000165,
1000166,2012-10-31
1000171,2013-10-19
1000173,2013-10-03
1000175,2017-03-25
1000176,
1000179,
1000180,
1000183,
1000184,2013-10-23
1000186,2015-10-16
1000188,2015-05-02
1000191,2014-10-15
1000192,2013-10-25
1000193,
1000194,2016-10-12
1000197,
1000199,2014-09-08
1000201,
1000202,2013-10-27
1000204,2016-11-05
1000205,2014-09-27
1000206,2015-04-18
1000207,2014-10-30
1000208,2016-10-29
1000210,2016-10-08
1000213,2014-11-26
1000214,
1000217,
1000218,
1000219,
1000225,2016-09-07
1000226,2017-03-11
1000229,
1000232,
1000234,2013-11-30
1000235,2017-04-22
1000236,2017-04-08
1000237,2015-10-31
1000244,2015-11-28
1000249,
1000250,2015-10-17
1000254,2015-03-28
1000255,2014-04-26
1000256,
1000262,2014-10-28
1000263,2016-12-31
1000264,2016-12-31
1000265,2016-12-31
1000266,2014-09-27
1000274,2016-10-15
1000275,
1000276,
1000278,2013-10-13
1000279,2015-06-06
1000283,2013-11-23
1000284,2015-11-21
1000285,
1000290,
1000292,2013-10-27
1000297,
1000298,2014-10-04
1000300,2013-09-24
1000301,2016-11-19
1000302,2014-08-13
1000303,2013-10-02
1000306,
1000307,2014-09-18
1000312,2017-03-25
1000316,2015-06-04
1000323,2016-10-01
1000324,
1000325,2012-12-31
1000326,2015-10-08
1000328,
1000330,
1000334,2014-08-26
1000335,2014-10-06
1000336,
1000342,
1000361,2015-10-09
1000368,2014-10-02
1000371,2014-12-31
1000372,
1000374,
1000379,2016-12-31
1000383,2015-12-31
1000384,2015-10-31
1000387,2014-12-01
1000389,2016-10-06
1000392,2014-11-22
1000396,
1000398,
1000405,
1000406,2016-10-29
1000409,2013-11-01
1000410,2015-04-16
1000411,2013-10-31
1000422,2014-10-25
1000428,2014-10-19
1000429,2015-10-31
1000430,2014-11-22
1000431,2016-10-29
1000432,2017-05-27
1000434,2013-10-01
1000435,2016-09-24
1000436,2016-12-31
1000442,2013-10-27
1000448,2013-09-30
1000449,2014-11-22
1000455,2014-10-31
1000460,2013-07-27
1000462,2016-10-25
1000480,2014-08-07
1000481,2016-10-01
1000483,
1000485,
1000487,
1000493,
1000494,
1000496,2014-10-28
1000497,2015-09-26
1000499,2013-12-28
1000500,2013-12-31
1000508,2014-10-25
1000511,
1000513,2015-10-10
1000519,2014-09-19
1000520,2015-09-26
1000521,2014-12-31
1000522,
1000524,2014-10-23
1000528,2014-12-31
1000545,
1000548,2016-12-31
1000549,2015-12-31
1000550,2014-10-14
1000554,
1000558,2013-10-26
1000559,2013-10-26
1000560,2016-10-15
1000561,2014-09-27
1000563,2015-06-06
1000566,2013-09-05
1000574,2014-04-24
1000576,2012-10-31
1000579,2014-10-25
1000585,2016-10-29
1000590,2014-12-31
1000591,
1000593,2014-09-27
1000596,2014-10-25
1000598,
1000603,2014-09-27
1000605,2016-11-20
1000606,
1000608,2013-09-26
1000611,2012-10-31
1000612,2013-10-19
1000613,2014-07-08
1000614,2014-10-04
1000616,2013-07-24
1000620,
1000626,2015-12-26
1000628,2014-10-30
1000629,2015-10-08
1000631,2011-10-31
1000634,2015-10-16
1000647,
1000649,
1000665,2014-11-22
1000666,2015-09-23
1000670,2016-11-19
1000672,
1000673,
1000675,2013-10-29
1000676,2013-10-18
1000681,2013-10-27
1000683,
1000685,
1000686,2014-10-17
1000687,
1000688,
1000689,2016-08-26
1000690,2014-10-08
1000695,2014-12-13
1000699,2014-04-18
1000700,2013-10-11
1000701,2014-11-22
1000702,
1000708,
1000709,2016-11-05
1000712,2015-10-30
1000713,2013-08-29
1000716,2014-10-28
1000718,2015-10-29
1000721,2013-11-27
1000722,2013-10-30
1000723,2013-10-26
1000730,2015-10-31
1000731,2014-09-27
1000732,
1000734,2012-10-31
1000744,2016-05-21
1000745,2015-12-31
1000748,
1000750,
1000755,2014-10-28
1000757,2015-09-01
1000758,2014-09-01
1000759,2016-09-24
1000760,2015-10-16
1000769,2013-10-31
1000772,
1000774,2013-11-23
1000778,2016-10-04
1000779,2016-11-01
1000780,2016-10-29
1000781,2013-08-30
1000782,
1000786,2013-09-19
1000787,2016-09-17
1000788,2012-10-29
1000789,2012-10-25
1000790,
1000791,2016-11-26
1000792,2013-09-25
1000794,2016-10-27
1000795,2017-03-25
1000798,2013-10-19
1000799,2015-10-31
1000801,
1000803,2015-04-01
1000804,2012-10-31
1000805,
1000806,
1000807,2015-11-25
1000808,2014-10-27
1000813,
1000814,2016-12-31
1000815,
1000816,2012-10-31
1000819,2014-12-20
1000820,2014-12-21
1000824,2014-09-27
1000826,2015-08-26
1000827,2014-10-25
1000836,
1000838,2014-12-13
1000840,2013-12-31
1000841,2013-10-26
1000842,2014-10-13
1000843,2016-12-31
1000844,
1000845,2016-10-20
1000846,
1000851,2013-10-31
1000855,2013-10-26
1000857,
1000859,2015-04-19
1000862,2013-12-31
1000863,2016-10-29
1000864,2014-10-18
1000865,
1000866,2013-09-29
1000868,2015-12-31
1000869,
1000870,
1000873,2012-12-31
1000874,
1000877,2014-10-25
1000880,2014-12-01
1000884,2016-12-31
1000886,2016-10-28
1000892,2014-10-30
1000896,2016-10-09
1000898,2013-10-16
1000899,
1000902,2014-06-10
1000905,2016-10-30
1000908,
1000909,
1000910,2015-10-27
1000913,2014-08-28
1000915,2013-10-19
1000917,2013-06-29
1000918,2016-12-31
1000922,
1000924,
1000926,2012-10-31
1000929,
1000933,2013-06-22
1000935,
1000937,2014-09-25
1000938,2014-11-22
1000939,2014-10-11
1000940,2013-10-12
1000941,2015-09-08
1000944,2014-09-24
1000946,2014-10-25
1000958,2017-04-01
1000959,
1000961,2015-05-01
1000962,2011-10-31
1000964,2014-08-30
1000968,2013-09-25
1000970,2014-10-25
1000972,2014-10-11
1000973,2014-10-08
1000974,2013-10-26
1000981,2013-12-31
1000986,2016-08-01
1000989,2013-10-30
1000991,
1000997,
1001001,
1001003,
1001005,2013-06-29
1001006,2016-10-29
1001012,2014-12-17
1001016,2014-09-07
1001018,2015-12-31
1001023,2014-11-26
1001025,2016-12-31
1001026,2014-12-31
1001029,2013-09-21
1001034,2016-10-13
1001037,2013-09-28
1001038,2014-10-25
1001046,2015-11-20
1001047,2015-08-27
1001048,2015-11-18
1001049,2015-12-14
1001052,2012-10-31
1001059,2016-10-28
1001063,
1001080,
1001083,2015-10-27
1001086,2014-10-17
1001093,2015-10-22
1001094,
1001097,2016-10-29
1001098,2020-01-01
1001100,
1001101,2013-11-16
1001102,2017-03-31
1001104,2015-10-19
1001105,2014-09-08
1001106,
1001111,
1001112,2016-12-31
1001115,2016-08-17
1001118,
1001119,2015-04-11
1001120,
1001125,
1001128,
1001131,2016-12-17
1001133,2013-10-11
1001135,2013-09-20
1001136,2013-10-03
1001137,2011-11-04
1001138,
1001139,2011-09-24
1001141,2013-10-03
1001142,2016-12-24
1001143,2014-11-23
1001145,
1001148,2014-10-29
1001149,2014-09-12
1001153,2015-10-31
1001155,
1001158,2014-10-26
1001160,2014-08-27
1001161,2013-09-28
1001166,2011-09-24
1001173,
1001174,
1001175,
1001177,
1001179,
1001187,2013-10-22
1001188,2013-11-30
1001192,
1001198,2014-10-25
1001199,2013-10-13
1001204,2014-09-25
1001205,2013-09-26
1001206,2014-09-30
1001214,2015-09-26
1001215,
1001216,2014-10-22
1001217,2014-10-12
1001218,2016-10-29
1001221,2014-09-10
1001229,2013-11-02
1001242,2016-12-31
1001244,2014-11-23
1001245,2015-10-24
1001247,2016-12-31
1001249,2013-11-02
1001252,2013-09-21
1001258,
1001259,
1001260,2016-10-25
1001261,2013-10-31
1001271,2013-10-15
1001272,2014-10-25
1001274,2013-09-27
1001275,2016-10-06
1001278,2014-12-13
1001280,2016-10-29
1001281,2014-10-04
1001282,2015-09-12
1001284,2015-05-30
1001287,2013-10-26
1001290,2015-10-25
1001296,2016-11-19
1001298,2014-09-13
1001301,2013-10-15
1001302,2013-10-15
1001303,2013-12-28
1001304,2013-09-12
1001312,2014-10-31
1001313,2013-10-25
1001314,2014-10-05
1001316,2016-10-29
1001317,2014-10-30
1001318,2013-12-31
1001319,2013-12-31
1001320,2013-12-31
1001325,2013-10-31
1001326,2014-09-06
1001329,
1001330,
1001331,
1001333,2013-10-17
1001335,2014-10-07
1001347,2015-10-25
1001355,2016-10-08
1001356,2014-09-24
1001357,2014-10-25
1001360,
1001362,2016-10-08
1001369,2012-10-31
1001370,
1001377,2014-10-26
1001378,2013-10-24
1001386,2015-10-22
1001388,2014-10-10
1001389,
1001390,2015-11-22
1001393,
1001394,2016-09-27
1001397,
1001398,
1001399,2016-12-21
1001400,2017-12-01
1001401,2016-12-01
1001403,2016-09-24
1001404,
1001405,2014-10-29
1001412,2015-12-31
1001422,2015-10-27
1001424,2014-05-31
1001425,2014-09-13
1001426,2014-10-11
1001429,2016-10-11
1001431,
1001435,2013-09-24
1001437,
1001439,
1001442,2015-10-31
1001457,2013-11-23
1001460,2013-12-31
1001461,2014-03-13
1001464,
1001465,
1001467,2016-09-24
1001473,2015-11-21
1001475,
1001482,
1001483,2014-10-29
1001486,2016-09-25
1001487,2012-09-01
1001489,
1001490,2014-09-30
1001491,2014-10-25
1001495,2015-04-25
1001505,
1001506,2014-09-26
1001509,2013-09-27
1001511,
1001514,2012-12-31
1001518,2016-09-17
1001519,2014-04-06
1001522,2014-11-12
1001523,
1001526,2013-09-26
1001527,2014-10-25
1001528,2015-04-11
1001530,
1001531,
1001532,
1001533,2014-10-30
1001534,2014-10-28
1001535,2014-11-12
1001536,2016-03-26
1001538,
1001540,
1001541,2012-10-31
1001545,2014-12-31
1001549,2014-09-24
1001563,2013-12-18
1001570,2014-10-30
1001575,2015-10-31
1001578,2013-11-27
1001584,
1001585,2013-10-29
1001586,2014-10-11
1001590,2013-09-27
1001592,2016-10-27
1001594,2014-10-25
1001595,2013-10-03
1001596,2013-07-31
1001597,2014-10-18
1001599,2016-10-29
1001600,
1001602,2013-10-13
1001603,
1001604,2014-10-23
1001611,2015-11-07
1001614,
1001615,
1001616,2013-10-19
1001621,
1001622,
1001624,2016-12-31
1001625,2015-10-02
1001626,2013-11-13
1001628,2014-11-09
1001629,
1001630,2014-10-11
1001631,
1001632,
1001635,2013-10-26
1001638,2013-10-12
1001640,2016-10-27
1001641,2014-10-25
1001642,2014-10-25
1001646,
1001648,2016-12-17
1001649,2014-11-01
1001651,2014-12-16
1001653,
1001655,2016-11-19
1001657,2015-10-31
1001659,2011-10-31
1001660,2015-10-15
1001661,2016-11-05
1001664,
1001665,
1001666,
1001667,
1001668,
1001669,
1001672,2014-09-30
1001673,2014-03-30
1001674,
1001675,2014-10-25
1001676,
1001680,
1001681,
1001682,2013-08-30
1001683,
1001690,2016-12-22
1001691,2014-10-13
1001693,2013-10-03
1001695,
1001696,
1001700,2016-10-22
1001701,2016-10-29
1001703,
1001705,
1001709,2014-12-31
1001712,2013-12-31
1001715,2014-10-25
1001717,2015-03-29
1001722,
1001725,2014-11-01
1001726,2016-10-31
1001728,
1001729,
1001734,2015-12-31
1001735,2013-10-26
1001736,
1001738,2015-12-31
1001739,2016-10-29
1001740,2015-05-09
1001742,2013-09-25
1001748,2012-10-31
1001749,2014-10-25
1001751,
1001752,2013-12-31
1001755,2015-10-30
1001756,2012-10-31
1001760,2014-12-31
1001762,2016-10-01
1001763,2014-10-23
1001764,
1001765,2013-10-29
1001766,2013-10-17
1001767,
1001772,2016-04-09
1001773,2015-10-31
1001776,2014-09-26
1001778,
1001780,2016-10-08
1001781,
1001800,2014-09-25
1001802,2014-04-02
1001804,2016-12-31
1001808,2015-11-24
1001809,
1001811,
1001812,
1001815,2015-10-29
1001819,2013-09-24
1001829,2012-10-30
1001831,
1001832,
1001833,2014-09-28
1001837,
1001839,2014-12-31
1001840,
1001841,
1001844,2013-07-14
1001845,2014-06-07
1001846,2014-10-09
1001850,2014-10-31
1001851,
1001852,2016-12-31
1001855,2014-12-27
1001866,2015-04-25
1001867,2014-12-31
1001869,2016-10-15
1001873,2014-09-30
1001875,2016-09-24
1001876,2014-10-31
1001878,2013-12-31
1001883,2013-10-19
1001884,
1001885,
1001886,2016-08-31
1001887,2014-09-23
1001889,2014-10-18
1001890,2015-12-31
1001894,
1001895,2015-12-01
1001896,
1001897,2014-10-11
1001898,
1001901,2014-09-30
1001906,2015-12-31
1001907,
1001909,2014-10-25
1001910,2016-10-27
1001912,
1001915,2014-10-11
1001917,2013-10-25
1001918,2013-09-26
1001921,2014-10-29
1001925,2015-09-30
1001927,2014-10-12
1001932,2015-10-07
1001935,
1001938,2014-12-31
1001942,
1001947,2014-11-23
1001948,2014-10-27
1001949,
1001950,
1001952,
1001956,
1001957,2015-09-29
1001961,
1001962,2016-10-03
1001963,
1001964,
1001966,2014-08-19
1001969,2014-04-19
1001981,2013-10-19
1001983,2014-12-27
1001984,
1001985,2013-12-21
1001991,2016-10-15
1001999,2012-10-31
1002008,2013-10-15
1002009,2016-10-29
1002021,2014-12-31
1002025,2014-03-15
1002026,
1002027,
1002030,2015-12-12
1002041,2014-10-25
1002042,2014-10-26
1002043,2014-10-30
1002045,2014-10-26
1002052,2014-09-27
1002053,
1002054,
1002056,2014-10-18
1002058,
1002060,2015-10-18
1002062,2014-10-28
1002063,2014-10-31
1002064,2014-10-30
1002078,2013-12-31
1002083,2014-10-28
1002084,2014-10-30
1002085,2014-12-31
1002088,2014-11-29
1002090,2014-09-30
1002091,2013-10-05
1002092,2014-10-30
1002099,
1002100,
1002101,2014-10-23
1002103,2013-09-30
1002106,2015-12-31
1002114,2013-09-25
1002115,2013-10-12
1002120,2015-04-17
1002121,2014-09-04
1002129,
1002133,2014-08-28
1002134,2015-06-03
1002135,2013-09-26
1002136,
1002139,2014-10-26
1002140,2014-10-12
1002152,
1002160,
1002162,2014-10-20
1002163,
1002166,2014-09-12
1002168,2015-06-02
1002170,
1002171,2014-04-26
1002174,
1002175,2016-11-19
1002177,2014-06-15
1002181,
1002187,2014-04-01
1002191,2013-06-01
1002192,
1002193,2014-09-25
1002194,2014-12-31
1002195,2014-08-26
1002200,2014-10-18
1002205,2013-10-26
1002207,2014-10-09
1002208,2015-12-19
1002210,2016-05-17
1002213,
1002217,2014-12-31
1002218,2014-12-31
1002222,
1002227,
1002229,
1002230,
1002235,2014-09-27
1002236,2014-10-26
1002237,2015-10-27
1002238,
1002239,
1002245,2014-09-27
1002247,
1002250,2013-10-31
1002254,2015-11-28
1002256,2016-09-28
1002259,2016-09-24
1002262,2016-04-16
1002265,
1002268,2013-10-31
1002272,
1002273,
1002274,2013-11-16
1002275,2014-09-25
1002276,
1002279,
1002280,2014-06-01
1002287,
1002289,2014-10-04
1002293,2013-12-31
1002297,2014-11-25
1002300,
1002301,2014-12-31
1002302,
1002304,2014-12-20
1002305,
1002307,2014-10-08
1002310,2014-10-30
1002312,2012-10-13
1002313,2012-10-28
1002316,
1002322,
1002331,
1002332,2013-10-30
1002333,2014-10-30
1002347,2014-09-27
1002350,2013-12-31
1002353,2014-05-23
1002354,2014-10-25
1002358,2014-12-20
1002365,2013-10-30
1002366,2016-12-31
1002367,
1002368,
1002373,2014-10-25
1002374,2014-09-27
1002377,2014-10-30
1002378,2015-01-01
1002382,2016-10-26
1002383,2014-12-31
1002400,2016-10-29
1002402,2014-10-31
1002404,
1002405,2015-12-12
1002407,2014-10-25
1002408,2014-10-29
1002410,
1002412,
1002416,2014-11-11
1002419,2013-08-31
1002420,2013-12-31
1002422,2017-05-21
1002427,2016-11-19
1002428,2013-11-02
1002429,
1002433,
1002438,2016-09-27
1002446,2014-11-18
1002448,
1002450,2016-10-27
1002454,
1002458,
1002459,
1002461,2016-10-08
1002469,2015-10-17
1002470,2014-10-18
1002471,2013-08-31
1002476,2014-11-01
1002477,2014-10-30
1002483,2013-05-27
1002484,2015-12-19
1002485,2013-09-24
1002486,2013-09-26
1002488,2014-09-25
1002510,2013-10-30
1002512,
1002513,2015-10-25
1002514,2013-09-27
1002516,
1002517,
1002518,2016-10-16
1002521,2013-10-24
1002522,2015-11-28
1002524,2013-08-03
1002526,2015-10-31
1002527,2014-10-30
1002530,2013-07-10
1002532,2013-09-19
1002533,2014-09-24
1002536,2014-10-26
1002537,2014-12-31
1002538,2016-12-03
1002541,
1002544,
1002546,2014-10-25
1002547,
1002551,2013-10-31
1002563,2016-10-22
1002567,
1002568,
1002569,
1002578,2014-12-31
1002579,
1002588,2013-10-25
1002589,2013-10-30
1002594,
1002595,
1002596,
1002597,
1002601,2013-10-26
1002602,2015-03-25
1002608,2014-10-18
1002609,2014-10-25
1002611,2014-09-20
1002614,2014-10-25
1002615,2014-11-01
1002617,2014-10-25
1002618,2016-10-26
1002629,
1002630,2012-08-15
1002631,2015-12-31
1002632,2014-12-31
1002633,2013-10-26
1002634,
1002639,
1002640,
1002641,2014-10-04
1002643,
1002645,
1002647,
1002648,2014-10-29
1002650,
1002652,2015-05-26
1002656,2013-10-31
1002657,
1002659,
1002660,
1002661,
1002663,
1002664,
1002665,
1002666,2015-11-08
1002669,2016-04-17
1002672,
1002673,2015-04-25
1002674,2016-12-01
1002683,2012-10-31
1002686,2016-09-15
1002690,2014-10-29
1002693,2014-09-25
1002700,2015-10-21
1002704,
1002705,
1002708,2016-09-27
1002713,
1002717,2016-10-27
1002720,2014-10-31
1002722,2016-10-24
1002724,
1002725,
1002726,
1002727,2013-10-05
1002729,2014-10-15
1002735,2013-12-31
1002736,2016-12-31
1002737,2016-12-31
1002738,2016-12-31
1002739,2016-12-31
1002740,2016-12-31
1002741,2016-12-31
1002742,2016-09-29
1002743,2016-12-31
1002744,2016-12-31
1002745,2016-12-31
1002746,2016-12-31
1002749,2014-10-04
1002754,2014-11-22
1002756,2017-04-29
1002758,
1002763,2016-10-29
1002764,2015-09-11
1002765,2015-10-24
1002766,2015-09-06
1002767,2015-09-08
1002768,2015-09-03
1002769,2015-09-12
1002770,
1002775,2015-04-18
1002776,2016-10-26
1002777,
1002778,
1002783,2016-12-01
1002787,2015-11-19
1002788,2012-12-31
1002793,2014-05-03
1002794,
1002796,2014-12-31
1002798,
1002800,2014-10-25
1002802,2014-12-01
1002803,2013-10-29
1002807,
1002808,2015-09-24
1002815,2014-10-25
1002816,2016-10-28
1002818,2015-10-28
1002819,2013-10-03
1002820,2015-03-31
1002821,2014-09-27
1002831,
1002836,
1002837,2014-10-14
1002838,2014-10-29
1002843,2013-10-11
1002844,2014-04-05
1002845,2013-11-02
1002848,2017-04-29
1002850,2014-10-11
1002851,2016-10-08
1002854,
1002856,2013-12-31
1002860,2013-09-26
1002870,2017-03-31
1002872,2014-09-27
1002880,2016-10-15
1002881,2012-12-31
1002884,2013-10-19
1002885,2014-10-18
1002887,2014-11-15
1002888,2014-10-10
1002890,2016-12-31
1002891,2014-10-25
1002895,2013-08-30
1002896,
1002901,2014-09-30
1002905,2016-12-31
1002907,2014-12-31
1002912,2013-09-25
1002913,2013-12-14
1002914,2013-01-01
1002915,
1002917,2016-10-27
1002919,
1002920,2014-09-18
1002922,2014-09-27
1002923,
1002928,2012-11-01
1002929,2017-05-12
1002933,2014-10-28
1002941,2014-10-31
1002948,
1002950,2014-10-04
1002951,2015-05-30
1002958,2017-05-06
1002959,2014-10-29
1002967,2016-04-30
1002969,2016-10-13
1002971,
1002972,
1002975,2014-11-22
1002980,
1002984,
1002985,
1002988,2013-12-31
1002993,2013-12-31
1003000,
1003002,2013-12-28
1003003,2015-05-01
1003004,2015-05-01
1003008,
1003011,2016-10-15
1003017,
1003020,2012-08-24
1003021,2013-10-05
1003022,
1003027,2015-04-16
1003032,2016-10-04
1003033,
1003034,
1003035,
1003041,2015-09-25
1003043,2016-10-25
1003046,2015-10-21
1003047,2014-11-25
1003059,2016-12-31
1003060,
1003061,2015-10-31
1003062,2015-11-01
1003063,2015-11-01
1003065,
1003066,
1003067,2016-10-28
1003068,2016-10-29
1003073,2014-09-27
1003074,2015-10-06
1003076,2014-10-07
1003077,2013-12-19
1003080,2015-03-31
1003081,2016-11-19
1003082,2014-08-28
1003085,2013-10-26
1003097,2013-10-18
1003098,2015-10-10
1003103,2016-10-29
1003112,2016-09-24
1003116,2014-10-02
1003117,2014-10-31
1003120,2013-10-26
1003121,2015-12-22
1003124,
1003126,2014-12-31
1003131,2015-10-31
1003133,2013-12-31
1003137,2014-07-24
1003140,2013-11-20
1003143,2014-10-04
1003146,2014-10-30
1003148,2014-11-01
1003151,2016-10-30
1003153,2013-09-03
1003155,
1003159,2014-10-25
1003160,2014-12-31
1003164,2014-09-06
1003169,2016-09-10
1003170,2016-10-29
1003171,2016-10-30
1003175,2014-08-30
1003176,2013-08-16
1003180,2014-12-31
1003182,
1003189,2016-10-25
1003190,2016-10-29
1003197,2014-08-28
1003199,2015-12-31
1003206,
1003208,2014-10-25
1003209,
1003212,
1003213,
1003219,2015-12-05
1003220,
1003222,2014-10-28
1003224,
1003226,
1003229,
1003238,2015-12-31
1003241,
1003250,2014-10-15
1003251,2014-09-09
1003252,2013-11-02
1003257,2014-09-25
1003259,2011-10-31
1003260,2014-10-26
1003269,2014-04-19
1003272,2013-11-24
1003278,2014-10-25
1003279,2014-09-24
1003280,2013-10-24
1003281,
1003282,
1003285,2013-10-06
1003288,2015-09-28
1003290,2015-10-24
1003291,
1003292,
1003293,2014-10-16
1003294,2014-10-12
1003295,2013-09-25
1003299,2014-10-29
1003302,2016-12-31
1003303,
1003307,2016-10-27
1003308,2013-10-26
1003309,
1003310,2013-11-23
1003321,2012-10-31
1003322,2014-10-30
1003324,
1003325,2014-12-31
1003327,2013-11-16
1003331,2014-12-31
1003332,2014-10-29
1003333,
1003342,2015-08-26
1003343,2016-11-15
1003345,
1003346,2013-08-29
1003350,2016-10-29
1003353,
1003354,2015-09-16
1003356,2016-12-17
1003357,2016-10-16
1003358,2016-09-29
1003364,2013-12-27
1003368,2013-09-05
1003371,2013-08-31
1003376,2014-11-01
1003377,2015-09-26
1003378,2014-10-11
1003379,
1003382,2014-12-31
1003383,2013-08-31
1003392,
1003393,
1003394,
1003398,2013-09-24
1003399,2014-11-01
1003402,
1003408,
1003411,2016-10-12
1003412,2016-10-13
1003413,2016-10-06
1003414,2013-10-05
1003415,2014-09-27
1003418,2014-06-27
1003419,2015-12-31
1003425,2015-10-10
1003428,2014-11-01
1003435,
1003436,2014-10-31
1003450,
1003451,
1003454,2015-10-10
1003458,2014-10-15
1003459,2014-10-24
1003460,2016-10-28
1003461,2014-04-30
1003465,
1003469,2012-10-21
1003470,2013-10-17
1003472,2016-11-20
1003473,
1003474,2015-12-19
1003478,
1003488,2014-11-01
1003489,2013-10-16
1003490,
1003492,2016-10-01
1003500,2016-10-01
1003502,2016-10-07
1003504,2017-04-29
1003508,
1003511,2014-11-22
1003512,2014-11-27
1003514,2011-12-31
1003516,2015-10-14
1003520,
1003521,
1003524,2015-12-31
1003525,
1003529,
1003531,2014-09-09
1003532,
1003539,
1003547,
1003549,
1003553,
1003554,2016-10-30
1003561,2012-10-31
1003562,2015-12-31
1003563,2013-09-28
1003568,
1003570,2016-10-01
1003578,2015-10-31
1003582,2013-09-28
1003585,2013-12-20
1003588,2013-10-30
1003592,2014-10-17
1003600,2016-09-28
1003603,2013-10-12
1003604,2015-09-17
1003605,2013-10-26
1003606,2016-10-29
1003607,
1003609,2016-12-31
1003610,2016-12-22
1003611,2016-12-13
1003627,2014-11-22
1003628,2014-10-25
1003629,
1003632,2013-12-20
1003634,
1003637,2016-10-29
1003638,2013-01-01
1003643,2016-10-29
1003646,
1003648,
1003649,
1003652,2012-10-03
1003655,2016-11-22
1003660,2015-04-25
1003661,2013-10-13
1003662,2014-10-18
1003663,
1003664,2015-12-12
1003665,2014-10-30
1003666,
1003667,2013-11-24
1003669,2014-12-31
1003671,2013-01-01
1003672,2016-09-29
1003673,2014-12-01
1003676,
1003677,2015-10-14
1003678,2014-12-31
1003679,2013-08-01
1003680,2015-09-26
1003681,2016-11-30
1003684,
1003688,
1003689,
1003690,
1003694,2016-10-19
1003696,
1003700,
1003701,
1003702,2014-12-31
1003705,2014-12-31
1003706,2014-12-31
1003707,2014-12-31
1003710,
1003711,
1003713,
1003731,
1003732,2013-10-19
1003734,2015-09-12
1003738,
1003739,2014-10-26
1003740,2014-10-15
1003741,
1003742,2014-12-20
1003744,2014-10-02
1003745,2014-03-22
1003746,2014-12-20
1003749,2014-10-25
1003752,2013-10-26
1003753,2014-10-18
1003755,2014-10-16
1003758,2015-12-31
1003759,2015-10-31
1003760,2015-10-06
1003763,2014-10-25
1003766,2014-11-01
1003768,
1003769,2014-10-17
1003771,
1003772,2014-09-30
1003776,2014-10-08
1003777,2014-09-25
1003778,2014-11-15
1003782,2013-10-12
1003788,
1003789,
1003795,2016-10-29
1003796,2016-12-31
1003797,
1003803,2014-11-15
1003804,
1003805,2012-12-31
1003806,2016-11-12
1003808,2014-09-27
1003809,
1003810,
1003811,
1003812,
1003813,
1003815,
1003817,2015-10-08
1003818,2016-10-08
1003819,2016-10-29
1003820,2016-04-15
1003821,
1003822,2013-10-30
1003823,2013-10-10
1003826,2016-11-26
1003827,
1003828,2012-10-31
1003831,2013-12-31
1003833,2013-11-14
1003834,2013-12-31
1003835,2013-12-31
1003836,2016-12-31
1003837,2015-12-20
1003840,2015-10-16
1003842,2014-12-31
1003843,
1003845,
1003846,
1003848,2014-10-27
1003849,2015-10-08
1003855,2014-09-24
1003858,2014-12-31
1003859,2014-12-01
1003860,2014-10-09
1003863,2016-10-08
1003876,
1003877,
1003878,
1003879,
1003881,2016-10-27
1003882,2015-03-28
1003886,2014-09-18
1003889,2013-10-30
1003891,
1003892,2014-09-27
1003893,2015-10-09
1003895,2016-08-26
1003898,
1003899,2015-12-31
1003900,2014-12-31
1003903,2016-09-30
1003904,2013-09-05
1003905,2014-10-12
1003908,2015-09-12
1003915,2015-12-12
1003923,
1003926,2015-09-18
1003927,2015-10-28
1003928,2013-10-12
1003929,2013-01-01
1003932,
1003933,
1003937,2016-12-31
1003951,2016-12-09
1003952,2014-10-25
1003954,
1003956,
1003959,
1003960,
1003961,2013-07-13
1003964,2015-12-31
1003969,
1003970,
1003971,2014-10-25
1003976,2014-10-31
1003977,2013-10-31
1003979,
1003980,2016-09-07
1003982,2016-10-14
1003985,2014-10-11
1003987,2013-10-17
1003988,2014-10-18
1003990,2013-12-31
1003991,
1003993,
1003996,2014-11-22
1004004,2014-10-22
1004007,
1004012,2014-08-30
1004014,
1004018,2014-10-12
1004020,2016-09-01
1004024,
1004033,2014-12-31
1004034,2014-12-31
1004038,2012-10-31
1004044,
1004049,2013-05-04
1004051,
1004052,2015-10-11
1004054,2014-09-27
1004055,2012-10-31
1004056,
1004063,2013-09-26
1004065,
1004066,2016-09-29
1004069,2014-12-31
1004070,2015-10-10
1004071,2014-10-14
1004072,2012-10-17
1004073,2014-11-20
1004074,2016-12-31
1004079,2013-09-04
1004080,2013-12-20
1004083,2014-12-31
1004086,2015-07-25
1004088,2013-09-11
1004097,2014-12-20
1004111,
1004122,2016-10-08
1004124,2015-10-22
1004129,2016-10-26
1004130,2014-10-01
1004131,2014-09-26
1004134,2016-11-28
1004137,2014-10-29
1004139,
1004145,2014-09-12
1004148,
1004153,2014-06-04
1004156,2015-10-31
1004157,2015-10-26
1004158,2014-10-10
1004160,
1004165,2016-12-18
1004166,2016-10-12
1004167,2016-09-29
1004168,2016-10-08
1004169,2016-09-30
1004170,2016-12-31
1004171,2016-12-18
1004172,2014-12-31
1004174,2016-10-01
1004175,2013-11-27
1004177,
1004180,2014-10-25
1004182,2014-10-22
1004183,
1004184,
1004185,2014-05-14
1004191,2015-11-21
1004192,2016-11-26
1004193,2016-11-29
1004194,2016-11-17
1004198,2014-11-02
1004199,2014-10-04
1004200,2012-10-31
1004201,2016-11-19
1004202,2015-09-27
1004206,2014-10-31
1004210,
1004212,2016-11-12
1004216,
1004217,2016-05-20
1004218,2014-10-25
1004223,2014-10-31
1004225,
1004226,
1004232,2013-10-26
1004233,2016-12-31
1004234,
1004237,
1004238,
1004244,2014-10-04
1004245,
1004248,
1004255,2015-09-27
1004256,
1004257,2016-09-15
1004258,2016-08-30
1004259,2016-10-19
1004263,2013-10-12
1004266,2015-11-07
1004267,2015-10-31
1004268,2012-10-31
1004269,2015-11-21
1004270,2016-10-29
1004271,2016-11-22
1004272,2015-12-19
1004274,2013-10-29
1004275,
1004276,
1004280,
1004281,2014-10-18
1004283,2013-10-11
1004285,
1004289,2015-10-15
1004291,2014-10-25
1004296,
1004297,2013-08-05
1004298,2014-10-03
1004299,2015-09-26
1004302,2013-10-31
1004304,2016-08-27
1004314,2016-10-01
1004318,
1004319,
1004320,
1004321,
1004324,2014-10-10
1004326,2013-10-12
1004336,2014-08-26
1004337,2013-12-04
1004344,2016-10-30
1004347,2016-11-12
1004349,2014-10-17
1004350,
1004352,2013-12-21
1004354,2014-10-02
1004355,2014-08-28
1004356,2013-10-30
1004360,2013-10-26
1004362,
1004366,2016-06-12
1004368,2014-11-21
1004370,2013-11-30
1004375,
1004376,2013-08-31
1004377,
1004378,2014-09-03
1004380,2013-09-18
1004382,2017-04-27
1004383,
1004384,2015-10-31
1004385,2014-06-16
1004387,
1004395,2016-04-16
1004396,2016-09-29
1004399,
1004400,2014-09-25
1004401,2013-06-28
1004403,2014-10-01
1004410,2013-08-29
1004412,
1004413,
1004414,
1004415,2014-09-20
1004417,2014-10-30
1004422,
1004425,
1004428,
1004429,2013-10-01
1004432,2014-09-04
1004434,2013-10-31
1004439,2015-03-21
1004440,2015-10-22
1004441,2014-11-15
1004444,2016-10-29
1004447,
1004448,
1004459,2014-09-04
1004461,
1004462,
1004463,2017-02-25
1004464,
1004465,2015-10-31
1004475,2013-10-05
1004476,
1004478,
1004480,
1004484,2014-09-21
1004485,2014-04-26
1004486,2014-10-25
1004492,2013-10-31
1004494,2016-11-19
1004499,2017-03-11
1004515,2016-09-21
1004516,2016-10-22
1004519,2013-12-27
1004522,2014-12-31
1004524,2014-10-15
1004525,
1004526,
1004527,
1004529,2016-10-01
1004534,2013-10-26
1004535,2014-04-26
1004538,2013-10-08
1004545,2014-10-11
1004549,2014-01-01
1004552,2016-09-27
1004553,
1004557,2015-10-03
1004560,2014-10-25
1004561,2015-10-01
1004567,
1004568,
1004573,2013-10-04
1004574,2013-10-17
1004575,
1004577,
1004578,
1004587,2014-10-11
1004592,2016-10-28
1004593,2013-12-31
1004595,2015-12-19
1004596,2015-10-11
1004597,2015-10-29
1004598,
1004599,
1004600,
1004602,2016-05-07
1004603,
1004605,2014-11-23
1004606,
1004609,2014-12-31
1004611,
1004614,2012-12-31
1004620,2014-04-30
1004632,
1004633,2014-12-20
1004635,
1004639,
1004643,2014-12-31
1004644,
1004645,2015-10-03
1004646,
1004648,2015-09-25
1004649,2016-10-16
1004651,2013-09-26
1004654,
1004657,2013-10-26
1004658,
1004661,
1004663,
1004669,2013-12-31
1004670,2013-12-31
1004675,
1004676,2016-09-28
1004678,2014-10-30
1004679,2012-09-12
1004680,2014-09-25
1004682,2013-11-23
1004683,2014-10-28
1004687,2015-10-31
1004688,2015-11-01
1004692,2015-10-28
1004695,2014-09-25
1004700,2016-10-12
1004701,
1004702,2014-11-29
1004704,
1004705,2013-11-23
1004708,2013-10-07
1004709,2014-10-04
1004715,2015-09-26
1004717,2015-04-07
1004719,2016-04-16
1004721,2014-09-28
1004723,2013-10-30
1004727,
1004730,
1004732,2013-10-26
1004735,2013-12-29
1004736,
1004737,
1004738,2014-12-13
1004743,2014-10-25
1004748,2016-04-23
1004750,2015-12-31
1004751,2014-12-31
1004752,2015-09-25
1004753,
1004754,2016-09-30
1004761,2014-09-30
1004762,2014-10-25
1004765,2014-10-25
1004767,2014-10-24
1004768,2014-10-04
1004770,2014-10-04
1004772,2014-10-25
1004773,2014-11-06
1004774,2014-10-25
1004776,2014-10-26
1004777,2013-10-26
1004778,2014-10-15
1004779,2014-11-15
1004780,2014-10-28
1004781,2014-09-05
1004782,2014-10-31
1004783,2014-10-05
1004784,2014-11-01
1004785,2014-10-28
1004786,2014-10-04
1004789,2014-12-20
1004790,2014-10-26
1004792,2014-10-22
1004793,2014-09-27
1004794,2013-10-12
1004795,2013-09-30
1004796,2014-10-25
1004797,2014-12-27
1004798,2014-10-28
1004803,2014-10-31
1004804,2014-09-27
1004805,2014-10-10
1004806,2014-10-31
1004807,2014-12-31
1004811,2015-10-18
1004812,2015-10-17
1004813,2015-08-26
1004815,2014-10-17
1004818,2012-05-31
1004825,
1004834,
1004835,2013-05-04
1004844,2013-11-02
1004846,2013-05-21
1004847,2013-09-28
1004848,2016-11-03
1004849,2013-12-14
1004851,
1004852,2011-10-13
1004854,2013-09-30
1004857,
1004862,2012-12-31
1004864,2013-11-05
1004865,2015-07-11
1004870,2016-10-22
1004872,
1004875,2013-10-08
1004876,2016-12-31
1004877,2016-10-26
1004878,2016-12-31
1004882,
1004884,2016-03-26
1004885,
1004890,2014-09-21
1004893,
1004908,2014-11-01
1004917,2013-10-18
1004919,2014-10-22
1004922,2016-10-11
1004926,2013-10-26
1004927,2015-12-31
1004928,2013-12-31
1004929,
1004933,2015-10-10
1004946,2017-04-29
1004948,2014-09-30
1004950,2014-11-15
1004959,2014-05-24
1004969,2013-10-01
1004979,
1004980,2016-10-01
1004984,
1004987,2013-09-26
1004988,2016-10-29
1004989,2016-09-27
1004990,2017-04-29
1004991,2016-11-19
1004993,2016-10-25
1004994,
1004998,2014-11-20
1005000,2015-12-31
1005004,
1005006,2013-12-19
1005007,2015-10-31
1005008,
1005022,
1005029,
1005035,
1005036,
1005037,2016-12-31
1005038,2013-11-07
1005040,2015-10-24
1005041,2014-09-30
1005042,2014-10-25
1005043,2014-09-25
1005044,
1005045,2014-12-31
1005046,
1005047,2014-10-09
1005048,2014-09-28
1005049,2016-10-28
1005054,
1005056,
1005059,2013-07-27
1005060,2013-10-10
1005062,2014-10-25
1005065,2015-10-27
1005067,2014-10-01
1005069,2015-12-31
1005073,2015-10-31
1005075,2013-09-27
1005076,
1005077,
1005078,2015-10-14
1005079,2016-09-18
1005080,2013-10-31
1005081,2013-09-29
1005082,2014-10-17
1005085,2014-10-25
1005086,2016-12-31
1005087,2016-12-10
1005092,2014-10-13
1005093,2015-10-03
1005098,2014-11-01
1005099,2014-10-04
1005101,
1005102,
1005103,
1005110,2013-09-24
1005112,
1005116,2014-10-04
1005120,2014-09-13
1005121,2013-10-05
1005124,2013-11-09
1005128,2015-10-29
1005129,2015-12-20
1005133,2016-12-03
1005134,2013-10-26
1005135,2015-09-25
1005136,2014-08-28
1005138,2016-10-29
1005139,
1005140,2014-10-25
1005145,
1005148,
1005149,
1005150,2013-08-21
1005153,
1005155,
1005158,2015-10-10
1005159,2014-12-31
1005160,2016-10-26
1005163,2013-10-12
1005169,2012-12-23
1005170,
1005172,
1005173,2016-09-15
1005175,2017-04-15
1005176,2016-12-31
1005177,2016-11-09
1005178,2016-11-12
1005181,2014-04-19
1005183,2013-12-15
1005184,2014-10-11
1005188,
1005192,
1005193,2012-10-31
1005197,2016-10-29
1005201,2014-10-16
1005204,2016-10-15
1005205,
1005207,
1005208,
1005210,2014-09-25
1005213,2014-09-06
1005214,2014-12-20
1005216,
1005217,2014-12-31
1005218,2016-09-16
1005219,
1005222,
1005223,
1005228,
1005230,
1005231,
1005232,
1005235,
1005239,
1005241,2013-10-26
1005242,2015-09-24
1005243,2014-12-31
1005248,2015-12-31
1005250,2015-12-31
1005252,2015-12-31
1005253,2015-12-31
1005254,2015-12-31
1005255,2015-12-31
1005256,2013-12-31
1005257,2015-12-31
1005258,2015-12-31
1005259,2015-12-31
1005260,2015-12-31
1005261,2015-12-31
1005262,2014-12-31
1005263,2015-12-31
1005264,2015-12-31
1005265,2015-12-31
1005266,2015-12-31
1005267,2015-12-31
1005268,2015-12-31
1005269,2015-12-31
1005270,2015-12-31
1005273,2014-10-18
1005274,
1005275,2016-10-29
1005277,2016-10-08
1005278,2013-11-30
1005279,2015-11-21
1005281,
1005282,2014-11-22
1005283,2013-10-26
1005285,2015-10-31
1005287,2014-10-11
1005290,
1005291,2015-10-14
1005294,2013-10-12
1005295,2015-11-15
1005296,2015-12-31
1005297,2015-12-31
1005298,2015-11-15
1005299,2015-11-15
1005300,2015-12-27
1005301,2015-11-15
1005302,2015-11-15
1005303,2015-11-15
1005304,2015-11-15
1005305,2015-11-15
1005306,2015-11-01
1005308,2015-11-01
1005309,2015-11-01
1005310,2015-11-01
1005312,2015-11-01
1005315,2015-11-15
1005316,2015-11-01
1005318,2015-11-01
1005319,2015-11-01
1005320,2015-11-01
1005321,2015-11-01
1005325,
1005326,
1005336,2015-10-08
1005339,2015-09-19
1005342,2014-12-17
1005345,2015-10-10
1005348,2014-12-20
1005349,
1005352,2015-12-20
1005358,
1005359,2016-11-19
1005367,2016-09-28
1005368,
1005370,2013-10-05
1005372,
1005377,
1005378,2013-10-01
1005379,
1005380,
1005385,
1005392,
1005397,
1005400,2015-09-12
1005411,2014-10-31
1005413,2014-10-30
1005415,2014-09-17
1005416,
1005420,2013-10-04
1005421,
1005424,2014-10-23
1005427,
1005428,2015-10-31
1005429,2015-10-28
1005430,
1005431,2016-04-09
1005435,
1005436,2012-10-31
1005439,
1005440,2017-05-14
1005441,
1005446,2016-10-13
1005447,2013-09-28
1005450,
1005452,2014-10-15
1005453,2014-10-18
1005454,2014-10-14
1005458,2016-12-31
1005459,2014-09-26
1005460,
1005461,2014-10-18
1005462,2014-10-15
1005463,2014-10-17
1005464,2016-09-21
1005469,2014-10-07
1005470,2014-11-23
1005471,
1005475,
1005476,
1005480,2015-10-10
1005482,2016-10-29
1005483,2014-11-22
1005485,2014-10-20
1005486,
1005489,2015-04-25
1005493,2014-12-01
1005494,
1005495,2013-10-12
1005497,2014-10-26
1005499,2014-10-25
1005500,
1005501,
1005505,2014-11-22
1005508,2014-10-04
1005514,
1005515,2014-10-05
1005519,2015-12-01
1005521,2014-12-01
1005524,2014-10-30
1005527,2017-03-04
1005528,2014-10-30
1005529,
1005530,2014-10-31
1005535,2014-12-31
1005536,2014-12-31
1005537,2014-12-31
1005538,2014-12-31
1005540,2016-10-29
1005541,
1005543,
1005548,2017-04-01
1005549,2014-10-30
1005554,2014-10-25
1005555,2016-10-29
1005557,2013-10-26
1005558,2015-03-14
1005559,2014-10-14
1005560,2016-12-31
1005562,2016-10-29
1005570,
1005586,2014-10-17
1005588,
1005589,2014-05-25
1005591,
1005592,2013-12-31
1005595,2016-12-31
1005596,
1005598,2014-10-30
1005599,2016-08-19
1005600,2015-12-31
1005601,2015-12-31
1005604,2016-02-27
1005607,2012-09-02
1005610,
1005611,2016-12-17
1005612,2015-10-09
1005618,
1005619,
1005620,
1005621,
1005622,
1005625,
1005628,2015-10-31
1005629,2015-09-24
1005631,2015-10-30
1005633,2013-10-26
1005636,2013-12-31
1005639,2014-08-30
1005642,2014-10-01
1005643,2014-05-10
1005644,2015-10-01
1005645,2015-10-01
1005646,2015-10-01
1005655,2014-10-25
1005657,2014-10-15
1005659,2013-08-29
1005660,2014-11-22
1005661,2015-09-26
1005663,
1005665,2013-12-31
1005671,2014-10-11
1005674,2014-11-15
1005675,2013-10-12
1005676,2016-10-13
1005677,2016-07-28
1005678,2016-10-06
1005680,2013-09-14
1005682,2013-10-12
1005683,2014-10-18
1005691,2013-10-31
1005692,2014-10-25
1005694,2014-09-15
1005696,
1005699,2014-10-25
1005700,
1005701,2013-10-12
1005705,2013-11-30
1005708,
1005709,2014-10-18
1005710,2015-10-29
1005711,2015-11-21
1005712,2013-10-07
1005714,2015-10-09
1005715,2016-10-29
1005716,2016-10-15
1005717,
1005718,
1005719,2014-10-26
1005724,
1005725,2012-06-17
1005727,2014-10-09
1005729,
1005730,
1005731,
1005734,2014-12-31
1005735,
1005737,
1005743,2016-10-29
1005744,
1005753,
1005758,2016-10-01
1005759,2014-12-31
1005763,
1005767,2014-10-04
1005772,2011-10-15
1005773,2017-02-18
1005775,2016-12-31
1005778,2014-12-31
1005779,2014-05-25
1005781,2013-11-02
1005783,
1005785,2014-09-24
1005786,
1005791,2014-10-25
1005795,
1005797,2015-04-18
1005799,2014-04-19
1005800,2012-10-31
1005801,2012-10-31
1005803,2013-10-26
1005804,2014-10-03
1005805,
1005806,2014-10-29
1005809,2014-10-29
1005810,2015-10-15
1005811,2014-10-01
1005816,
1005817,
1005821,2015-09-23
1005823,
1005829,2013-11-29
1005830,
1005831,
1005832,2014-01-12
1005834,2015-10-20
1005840,2016-10-14
1005843,
1005844,
1005845,
1005846,
1005848,2015-09-12
1005849,2014-09-27
1005852,2013-09-27
1005856,2013-10-27
1005857,
1005858,
1005859,2016-09-29
1005860,2014-09-01
1005862,
1005868,2014-10-18
1005869,2014-06-07
1005870,2015-10-28
1005871,2013-07-25
1005875,2016-10-15
1005876,
1005877,
1005878,2014-11-22
1005881,
1005882,2013-01-31
1005883,2013-10-26
1005884,2016-10-25
1005885,2017-04-15
1005889,
1005892,
1005897,2016-10-29
1005900,
1005902,
1005903,2016-10-06
1005905,2014-09-14
1005906,2015-01-01
1005909,
1005911,2014-10-11
1005912,2014-10-11
1005913,2014-09-27
1005920,2014-12-31
1005925,
1005932,2013-10-26
1005933,
1005934,
1005937,2016-10-29
1005939,2016-10-26
1005940,2016-12-18
1005941,2016-10-27
1005943,2016-12-17
1005944,2016-11-20
1005945,2013-10-12
1005948,2014-12-18
1005949,2014-09-30
1005950,2014-10-30
1005952,2016-09-21
1005953,2017-02-25
1005962,2016-10-27
1005967,2014-05-01
1005968,
1005969,
1005975,2016-12-31
1005978,
1005980,2013-12-31
1005983,
1005985,
1005988,2014-10-26
1005989,2014-10-29
1005990,2016-10-01
1005991,2015-05-01
1005992,
1005993,2012-08-31
1005994,
1006030,2014-12-31
1006031,2017-04-01
1006039,
1006042,2016-10-12
1006043,
1006051,
1006052,
1006055,
1006056,
1006058,2014-09-27
1006059,2013-10-02
1006060,2016-12-31
1006062,2016-10-29
1006064,
1006065,2014-10-25
1006069,
1006071,
1006072,
1006075,2013-10-31
1006077,
1006078,
1006081,2014-12-31
1006084,2014-10-25
1006089,2013-09-30
1006091,
1006093,2014-10-16
1006100,2014-12-31
1006101,2016-11-30
1006103,2016-11-26
1006104,2014-12-31
1006106,2014-10-11
1006113,
1006114,
1006118,
1006119,2013-10-26
1006135,2012-09-27
1006138,2016-09-08
1006141,2014-10-25
1006142,2014-11-22
1006146,2014-05-03
1006148,
1006151,2014-06-06
1006152,2014-09-03
1006156,
1006157,2014-10-31
1006158,2013-09-28
1006161,2015-09-04
1006165,2017-04-29
1006168,2015-01-01
1006170,2016-10-29
1006171,2014-10-10
1006173,
1006176,2014-10-25
1006177,2014-11-26
1006178,
1006179,
1006187,2013-10-31
1006188,2014-04-24
1006189,
1006190,
1006191,
1006192,
1006194,
1006198,2013-10-26
1006205,
1006206,
1006207,
1006219,2013-11-17
1006220,2013-11-16
1006224,
1006225,
1006228,2014-09-04
1006230,2014-10-30
1006237,
1006240,2015-10-14
1006243,2013-09-30
1006245,2014-09-20
1006250,2016-09-07
1006251,
1006252,2015-04-11
1006253,
1006255,2013-10-19
1006257,2013-10-24
1006258,
1006260,
1006261,
1006263,2015-11-05
1006264,2014-10-03
1006266,2015-10-31
1006268,
1006269,2014-11-01
1006273,2014-11-23
1006276,2014-10-25
1006280,2014-12-31
1006282,
1006285,2016-10-29
1006286,2015-01-01
1006290,2014-10-25
1006291,
1006294,2016-11-20
1006296,2016-10-30
1006299,
1006300,
1006302,2013-08-22
1006303,2016-10-07
1006304,2014-10-18
1006305,2014-10-08
1006306,2014-09-29
1006307,2016-09-24
1006310,2015-10-14
1006311,
1006316,2014-04-01
1006320,
1006321,
1006322,
1006324,2014-10-10
1006326,
1006327,2015-11-21
1006338,2014-11-14
1006342,2016-10-31
1006345,2013-10-05
1006349,2014-01-01
1006350,
1006352,2015-08-29
1006353,2015-11-21
1006357,
1006359,2016-11-20
1006366,2016-10-01
1006367,2014-10-04
1006368,2014-09-25
1006369,2013-10-10
1006370,2014-10-30
1006371,2014-11-18
1006372,2016-11-29
1006374,
1006376,2016-09-24
1006377,2013-09-28
1006378,2016-09-24
1006379,
1006381,2014-10-29
1006384,2014-11-29
1006385,2014-10-25
1006389,
1006396,
1006399,2014-10-25
1006408,
1006409,2014-09-30
1006410,2014-09-26
1006411,2014-12-31
1006414,
1006416,2015-10-31
1006417,2016-10-29
1006422,2015-10-10
1006423,2016-03-26
1006427,2014-09-25
1006428,2014-10-24
1006429,2014-10-28
1006434,
1006437,
1006449,2014-10-28
1006450,2014-03-01
1006451,2015-09-24
1006458,2015-10-20
1006460,2014-10-31
1006462,2014-09-27
1006463,
1006465,2014-10-26
1006466,
1006468,2013-09-12
1006470,2014-10-16
1006471,2013-11-30
1006472,2013-10-30
1006473,2015-10-02
1006474,2016-10-27
1006476,2015-10-30
1006481,
1006484,2013-10-15
1006487,2013-10-31
1006490,
1006492,2014-05-31
1006498,2015-04-18
1006501,2015-11-21
1006504,2015-09-26
1006508,
1006509,
1006513,2014-12-31
1006516,
1006518,
1006521,
1006523,
1006524,2015-10-25
1006525,2016-10-03
1006535,2014-10-25
1006537,2015-10-10
1006539,2013-12-17
1006540,2013-12-12
1006541,2014-10-22
1006542,2013-10-31
1006543,2014-10-04
1006545,
1006547,2014-12-27
1006548,
1006550,
1006554,
1006556,
1006557,
1006558,
1006559,
1006571,
1006572,
1006573,
1006582,
1006584,
1006585,
1006589,
1006595,
1006596,
1006600,
1006601,
1006614,
1006618,2013-08-31
1006621,2016-10-01
1006625,
1006630,2016-05-20
1006631,
1006634,2013-10-26
1006635,2015-03-28
1006636,2014-10-25
1006637,2013-09-13
1006639,2013-09-28
1006640,2013-09-25
1006641,2015-10-17
1006642,2013-09-06
1006643,2016-11-26
1006644,
1006647,2014-12-01
1006650,2014-05-01
1006651,2016-10-25
1006652,2015-12-31
1006660,
1006661,2016-12-31
1006665,2014-11-01
1006668,2014-10-09
1006670,
1006671,
1006674,2014-10-25
1006677,2014-10-18
1006678,2014-10-27
1006681,2016-10-08
1006684,2015-10-10
1006688,2012-09-01
1006689,2013-10-09
1006691,
1006692,
1006693,
1006698,2014-12-31
1006699,2013-11-02
1006701,
1006705,2013-09-28
1006708,
1006709,
1006710,
1006711,
1006713,
1006714,2014-12-27
1006720,2015-10-07
1006721,2014-09-01
1006722,
1006729,
1006730,2016-11-29
1006733,2016-10-01
1006734,2014-09-30
1006735,2014-10-11
1006737,2016-10-13
1006746,2016-09-20
1006747,
1006748,2014-10-15
1006749,2014-10-18
1006750,2014-10-08
1006754,2014-12-31
1006755,
1006759,2016-10-28
1006760,2013-09-26
1006764,2014-11-22
1006766,2016-10-26
1006775,
1006780,2016-10-22
1006781,2016-12-31
1006783,2016-10-25
1006787,2016-10-31
1006788,2017-04-29
1006790,2014-10-18
1006793,
1006794,
1006795,
1006796,
1006797,
1006798,
1006799,
1006800,
1006801,
1006802,
1006804,2015-10-25
1006806,2014-04-23
1006807,2015-09-08
1006809,2014-09-30
1006811,
1006812,2014-11-25
1006813,2015-04-25
1006820,2016-10-26
1006822,
1006826,2014-12-20
1006831,2016-09-23
1006832,
1006833,2016-10-27
1006834,2013-10-05
1006836,2016-10-15
1006837,2014-09-25
1006841,
1006845,2012-10-02
1006846,2014-10-12
1006847,2014-10-11
1006849,2016-09-24
1006851,2014-11-20
1006852,2014-11-15
1006853,2014-09-25
1006856,2013-09-26
1006857,2013-09-27
1006858,
1006859,2014-10-01
1006861,
1006869,2014-10-25
1006873,2016-09-24
1006880,2016-11-12
1006898,2016-10-08
1006903,2013-11-30
1006909,2013-09-14
1006911,
1006913,
1006915,
1006919,
1006923,2015-10-31
1006925,2016-10-27
1006926,
1006927,2016-10-29
1006929,2013-10-30
1006932,2014-10-25
1006938,2014-11-15
1006940,2014-09-25
1006943,2014-05-31
1006957,2013-10-05
1006963,2014-11-20
1006968,
1006978,2013-09-13
1006980,
1006988,2013-09-21
1006993,
1006994,2013-10-26
1006997,2014-09-25
1007002,2014-03-29
1007004,2014-12-31
1007015,
1007034,
1007222,
1007226,2016-11-05
1007230,
1007233,2014-05-26
1007236,2014-09-10
1007237,
1007239,2014-10-26
1007242,2014-10-25
1007245,2013-12-31
1007246,2014-09-25
1007247,2014-10-25
1007250,2014-10-25
1007258,2014-10-11
1007259,2016-11-19
1007260,
1007261,2014-10-29
1007262,2017-04-30
1007264,
1007267,2015-09-30
1007268,2013-10-29
1007271,2015-05-23
1007273,
1007275,
1007276,2016-12-17
1007277,
1007280,2013-10-30
1007282,
1007284,2015-10-25
1007289,2014-11-13
1007290,
1007291,
1007295,2013-12-31
1007299,2016-04-24
1007304,2015-02-22
1007305,
1007306,2015-03-28
1007309,2016-04-23
1007311,
1007312,
1007317,2014-10-26
1007319,2013-10-26
1007320,2014-10-10
1007321,2014-12-31
1007322,2014-12-31
1007324,
1007325,
1007326,
1007332,2016-10-06
1007334,2014-11-26
1007335,2016-10-14
1007336,2015-10-31
1007337,
1007338,2014-10-18
1007346,
1007347,2016-10-01
1007348,
1007349,
1007350,
1007351,
1007353,
1007354,
1007355,
1007356,
1007358,
1007360,2014-10-25
1007361,2013-09-27
1007366,2014-10-30
1007367,2014-09-27
1007369,2013-09-21
1007370,
1007371,2014-11-07
1007374,2014-12-17
1007376,2013-12-31
1007378,2014-10-30
1007379,2014-10-04
1007385,2014-10-10
1007386,
1007389,2014-12-10
1007397,2015-08-29
1007416,2013-10-26
1007418,2013-09-21
1007420,2012-10-31
1007425,2014-09-27
1007426,2016-10-29
1007431,2013-10-16
1007646,
1007647,2012-10-30
1007649,
1007650,
1007651,
1007668,
1007672,
1007678,2013-10-12
1007684,2014-11-21
1007691,2014-12-07
1007692,2014-11-19
1007693,2014-11-22
1007697,2013-11-24
1007710,2013-09-27
1007741,
1007752,
1007760,2015-10-23
1007773,2014-12-31
1007775,2015-12-31
1007777,2014-10-15
1007797,2015-11-07
1007798,2015-10-29
1007809,2017-04-22
1007812,2013-08-31
1007814,2013-11-30
1007999,2016-09-13
1008000,2015-09-17
1008001,2013-10-26
1008006,2016-12-24
1008008,2014-10-25
1008011,2016-12-18
1008012,2014-11-29
1008017,2014-12-31
1008020,2016-11-19
1008024,2014-12-31
1008037,
1008040,2014-09-26
1008041,2013-12-31
1008048,2014-10-11
1008053,2013-10-25
1008054,2015-12-31
1008055,2014-04-25
1008056,2016-12-22
1008057,2014-10-29
1008062,2015-12-31
1008065,2014-10-01
1008067,2016-09-29
1008068,2015-10-31
1008070,2014-11-23
1008071,2014-11-22
1008073,2014-09-26
1008076,2014-10-31
1008077,2013-10-16
1008078,2013-12-31
1008079,2014-10-04
1008083,2013-10-26
1008085,2013-11-23
1008090,2015-12-31
1008091,2015-12-31
1008092,2016-10-30
1008093,2014-10-29
1008095,2013-09-28
1008098,2015-10-31
1008101,2013-10-30
1008103,2015-08-26
1008104,2014-11-21
1008108,2014-10-26
1008109,2014-08-29
1008110,2014-11-15
1008114,2016-07-02
1008115,2014-11-01
1008116,2013-09-11
1008118,2015-12-31
1008119,2016-10-18
1008120,2015-04-04
1008121,2014-10-11
1008122,2016-10-03
1008124,2013-10-08
1008125,2015-10-10
1008126,2013-09-28
1008127,2015-10-31
1008128,2016-12-31
1008131,2013-09-25
1008133,2013-09-29
1008134,2016-10-26
1008135,2013-12-31
1008139,2014-02-22
1008140,2015-09-30
1008141,2013-09-14
1008144,2014-10-11
1008152,2014-12-31
1008154,2013-09-21
1008155,2013-12-31
1008158,2013-11-25
1008159,2013-12-31
1008160,2016-03-25
1008162,2014-12-31
1008163,2015-10-24
1008166,2014-12-31
1008170,2014-09-20
1008171,2014-12-31
1008172,2014-12-31
1008173,2017-12-01
1008174,2013-12-02
1008177,2015-10-31
1008179,2013-12-31
1008181,2013-10-03
1008193,2014-08-30
1008194,2014-09-27
1008195,2014-10-09
1008196,2016-10-14
1008197,2013-09-25
1008198,2014-10-16
1008199,2016-09-02
1008201,2015-09-26
1008203,2015-10-14
1008204,2013-10-26
1008205,2013-10-24
1008206,2014-10-29
1008208,2014-10-23
1008209,2014-11-23
1008210,2014-12-31
1008211,2013-08-31
1008213,2015-10-17
1008215,2016-12-10
1008216,2016-11-23
1008219,2013-10-18
1008221,2016-12-03
1008225,2016-10-27
1008226,2016-12-31
1008231,2015-09-17
1008236,2016-10-27
1008238,2013-10-26
1008239,2014-10-07
1008241,2013-10-26
1008242,2016-10-25
1008243,2014-11-22
1008244,2014-09-28
1008246,2013-10-15
1008247,2016-10-14
1008248,2014-11-01
1008250,2013-09-24
1008251,2014-12-20
1008257,2014-12-20
1008258,2014-10-25
1008259,2014-12-20
1008261,2014-10-30
1008262,2013-10-12
1008263,2013-12-31
1008265,2014-12-28
1008268,2014-10-09
1008271,2015-09-30
1008272,2015-10-25
1008273,2014-10-25
1008275,2016-12-31
1008276,2015-09-24
1008278,2014-09-24
1008284,2016-10-18
1008286,2014-10-12
1008288,2013-12-31
1008290,2014-10-18
1008291,2013-09-21
1008292,2014-11-20
1008293,2013-10-15
1008295,2013-12-05
1008296,2016-10-26
1008298,2014-12-20
1008299,2014-10-25
1008303,2016-10-01
1008305,2013-10-12
1008306,2016-09-24
1008307,2013-12-14
1008311,2016-10-29
1008314,2013-10-12
1008316,2016-04-24
1008318,2015-11-19
1008319,2014-10-26
1008320,2014-11-26
1008321,2014-09-30
1008322,2016-09-01
1008326,2016-10-29
1008332,2014-10-01
1008334,2015-10-31
1008335,2016-11-19
1008339,2014-04-25
1008340,2013-10-03
1008342,2013-10-27
1008345,2013-10-29
1008350,2013-09-22
1008360,2014-12-31
1008361,2013-10-05
1008362,2014-04-20
1008363,2014-12-31
1008365,2014-09-26
1008366,2016-10-16
1008367,2014-10-08
1008371,2015-12-31
1008372,2014-08-16
1008375,2016-02-29
1008379,2013-09-24
1008380,2014-04-29
1008382,2013-11-02
1008383,2014-05-07
1008384,2014-09-30
1008385,2015-09-30
1008386,2016-03-01
1008388,2016-09-29
1008391,2013-08-08
1008392,2015-12-19
1008393,2013-09-13
1008394,2013-12-31
1008396,2014-03-29
1008397,2013-12-31
1008398,2014-10-15
1008399,2013-12-31
1008401,2016-10-27
1008402,2014-08-30
1008403,2016-09-13
1008404,2016-10-06
1008406,2013-01-31
1008408,2013-09-01
1008409,2013-10-17
1008410,2013-11-30
1008413,2013-12-14
1008415,2014-10-18
1008416,2013-10-31
1008418,2014-09-27
1008419,2014-10-11
1008420,2014-09-20
1008423,2014-10-18
1008424,2014-09-25
1008425,2013-12-31
1008427,2013-11-30
1008428,2013-11-07
1008429,2013-09-24
1008432,2014-10-18
1008433,2013-11-26
1008434,2013-12-31
1008435,2013-10-03
1008436,2013-10-26
1008437,2014-12-17
1008439,2013-12-27
1008442,2014-10-25
1008443,2013-09-19
1008444,2015-09-24
1008445,2014-10-17
1008447,2014-10-11
1008448,2014-12-31
1008449,2014-09-30
1008450,2014-09-30
1008453,2013-12-14
1008456,2014-09-23
1008457,2016-11-23
1008460,2014-11-20
1008462,2013-12-31
1008463,2013-10-12
1008464,2016-09-01
1008468,2014-10-25
1008475,2014-10-31
1008480,2013-12-31
1008483,2016-12-31
1008485,2016-12-31
1008488,2013-10-30
1008492,2014-09-25
1008498,2016-09-22
1008499,2014-09-24
1008502,2014-12-31
1008504,2014-12-31
1008505,2014-12-31
1008508,2015-12-31
1008513,2013-11-23
1008515,2013-11-27
1008517,2016-12-31
1008518,2014-10-31
1008530,2013-10-20
1008532,2013-10-26
1008534,2013-09-26
1008537,2013-09-24
1008538,2016-10-11
1008539,2013-10-29
1008541,2013-09-28
1008544,2014-11-22
1008546,2016-11-20
1008551,2013-10-31
1008552,2014-04-19
1008553,2016-12-31
1008558,2014-10-25
1008562,2014-05-07
1008564,2014-12-31
1008566,2013-09-25
1008569,2013-09-28
1008570,2014-12-31
1008571,2013-12-31
1008576,2013-12-31
1008577,2016-11-22
1008578,2013-09-28
1008579,2013-12-31
1008582,2013-10-26
1008583,2013-09-28
1008584,2013-11-23
1008589,2013-10-26
1008594,2013-10-26
1008595,2014-08-29
1008599,2015-10-16
1008601,2013-12-21
1008604,2014-10-23
1008605,2014-12-31
1008606,2015-09-16
1008607,2015-11-07
1008609,2016-10-30
1008611,2013-12-31
1008612,2013-12-31
1008616,2014-10-04
1008617,2013-12-31
1008618,2013-09-28
1008620,2013-09-27
1008622,2013-11-23
1008623,2013-10-26
1008624,2013-09-28
1008629,2014-10-30
1008638,2013-09-26
1008646,2013-12-31
1008650,2014-08-31
1008664,2014-12-31
1008666,2015-03-31
1008667,2013-12-31
1008668,2013-09-25
1008671,2013-09-28
1008672,2013-09-26
1008673,2013-09-30
1008674,2013-10-27
1008676,2014-09-19
1008678,2014-10-23
1008680,2013-09-24
1008681,2014-11-29
1008682,2014-10-30
1008683,2014-10-26
1008684,2014-10-27
1008685,2014-09-25
1008686,2014-09-27
1008687,2013-12-14
1008689,2014-10-27
1008690,2015-10-29
1008691,2014-10-31
1008693,2014-10-14
1008694,2013-10-26
1008695,2013-11-23
1008696,2013-09-24
1008697,2013-10-29
1008699,2014-09-03
1008701,2013-11-15
1008702,2013-09-28
1008704,2013-10-24
1008705,2013-11-02
1008706,2013-09-28
1008707,2013-09-25
1008708,2014-10-09
1008709,2013-10-26
1008710,2013-10-19
1008713,2015-10-31
1008715,2014-12-31
1008716,2013-01-26
1008718,2014-12-31
1008719,2013-12-31
1008720,2014-12-31
1008721,2013-10-31
1008723,2014-12-31
1008724,2013-11-02
1008726,2013-11-28
1008727,2014-10-26
1008728,2014-09-25
1008729,2014-09-27
1008730,2014-10-17
1008731,2015-10-31
1008732,2013-09-26
1008735,2014-04-12
1008736,2013-10-26
1008743,2013-10-25
1008744,2013-10-31
1008747,2013-10-03
1008751,2014-10-25
1008752,2013-11-03
1008753,2013-10-29
1008756,2013-11-23
1008764,2013-10-26
1008768,2013-09-24
1008769,2016-10-30
1008770,2013-08-28
1008772,2013-09-26
1008773,2015-02-28
1008776,2014-11-22
1008778,2013-11-02
1008780,2014-10-11
1008781,2013-10-31
1008786,2013-10-24
1008789,2014-10-03
1008790,2014-09-03
1008796,2014-10-22
1008797,2015-03-27
1008798,2013-10-12
1008799,2013-10-10
1008800,2015-09-25
1008802,2013-10-26
1008806,2013-11-16
1008808,2016-10-29
1008809,2013-08-04
1008810,2014-10-25
1008811,2014-12-18
1008812,2013-10-31
1008815,2014-12-31
1008820,2014-07-29
1008822,2014-05-01
1008823,2017-04-26
1008824,2015-03-20
1008825,2016-09-28
1008826,2014-09-27
1008827,2014-08-26
1008830,2015-10-09
1008831,2016-04-16
1008832,2015-04-16
1008834,2014-10-25
1008835,2016-10-11
1008836,2015-10-31
1008837,2014-10-25
1008840,2014-11-01
1008842,2016-11-27
1008843,2015-08-21
1008845,2014-12-14
1008846,2013-11-09
1008848,2014-08-13
1008850,2016-03-26
1008851,2013-10-14
1008852,2015-04-25
1008853,2014-09-26
1008855,2014-09-21
1008856,2014-09-06
1008857,2016-12-17
1008858,2015-08-25
1008860,2016-08-31
1008863,2016-12-31
1008864,2016-12-31
1008866,2014-10-11
1008867,2017-06-30
1008868,2014-08-14
1008871,2015-12-31
1008874,2013-09-26
1008875,2013-10-26
1008877,2013-06-29
1008880,2016-10-25
1008881,2016-10-25
1008882,2016-10-26
1008883,2016-10-26
1008884,2016-10-28
1008885,2016-10-26
1008886,2016-10-28
1008887,2016-10-26
1008888,2016-10-27
1008889,2016-10-27
1008890,2016-10-27
1008891,2016-10-27
1008892,2016-10-28
1008893,2016-10-28
1008894,2016-10-25
1008895,2014-08-28
1008896,2016-11-05
1008897,2016-11-05
1008900,2014-09-13
1008901,2014-09-03
1008904,2016-12-31
1008905,2016-10-26
1008906,2015-10-10
1008909,2013-11-21
1008910,2013-11-27
1008911,2013-11-20
1008912,2013-11-20
1008913,2013-11-21
1008914,2013-11-21
1008915,2013-12-24
1008916,2013-12-29
1008917,2013-11-23
1008918,2013-11-27
1008919,2013-12-22
1008920,2013-11-23
1008921,2013-11-22
1008922,2013-11-22
1008923,2013-11-23
1008924,2013-11-23
1008927,2015-04-25
1008929,2014-10-11
1008930,2014-12-31
1008931,2014-05-18
1008935,
1008937,2014-12-31
1008938,2014-09-26
1008939,2013-12-29
1008940,2014-10-25
1008941,2014-10-18
1008942,2014-10-31
1008945,2016-12-16
1008946,2016-09-25
1008950,2014-09-24
1008951,2013-10-30
1008953,2015-12-31
1008955,2013-08-22
1008959,2016-10-29
1008960,2015-09-27
1008961,2013-12-31
1008964,2015-10-29
1008965,2015-12-31
1008967,2016-10-31
1008969,2016-11-05
1008973,2016-09-08
1008974,2014-10-29
1008975,2014-12-18
1008976,2013-12-31
1008980,2015-10-31
1008981,2013-09-14
1008982,2014-10-11
1008983,2014-09-24
1008985,2014-11-01
1008987,2016-11-19
1008992,2014-10-25
1008996,2013-11-09
1008997,2013-12-31
1008998,2013-10-12
1008999,2014-12-31
1009000,2013-10-04
1009002,2014-09-03
1009004,2014-12-31
1009005,2016-12-31
1009007,2015-09-30
1009013,2015-11-28
1009016,2014-10-16
1009017,2015-04-30
1009018,2014-09-30
1009019,2013-12-31
1009020,2014-10-25
1009023,2016-12-17
1009024,2014-09-28
1009025,2016-12-31
1009026,2015-04-25
1009027,2015-10-08
1009028,2014-07-25
1009030,2014-10-24
1009032,2013-12-31
1009033,2016-09-24
1009034,2016-12-31
1009037,2014-09-28
1009039,2014-09-15
1009041,2015-10-20
1009043,2015-10-30
1009045,2014-10-31
1009048,2014-10-29
1009049,2014-12-31
1009051,2014-10-29
1009052,2016-10-27
1009054,2013-09-30
1009055,2014-09-30
1009056,2014-09-30
1009057,2014-10-31
1009059,2014-09-30
1009061,2014-10-25
1009062,2014-12-31
1009063,2014-10-24
1009064,2014-09-30
1009065,2014-10-31
1009066,2016-09-29
1009074,2014-10-17
1009075,2014-10-17
1009076,2014-10-25
1009077,2015-04-30
1009080,2015-12-31
1009081,2014-10-25
1009082,2014-10-28
1009085,2014-07-05
1009087,2013-11-23
1009614,2015-05-31
1009615,2014-10-31
1009617,2014-11-19
1009622,2014-10-22
1009623,2015-03-28
1009625,2014-10-29
1009626,2014-09-25
1009627,2016-05-28
1009628,2014-10-02
1009629,2016-10-01
1009631,2015-12-31
1009633,2015-12-31
1009634,2014-09-03
1009640,2016-10-15
1009643,2015-10-13
1009644,2014-10-14
1009646,2014-03-25
1009647,2014-12-31
1009648,2014-10-08
1009650,2014-12-31
1009653,2014-10-25
1009655,2014-09-30
1009656,2016-10-12
1009658,2015-12-31
1009659,2015-12-31
1009660,2014-12-31
1009661,2014-09-15
1009663,2014-10-11
1009667,2014-10-31
1009670,2014-10-28
1009672,2015-10-07
1009673,2016-10-08
1009677,2014-10-31
1009678,2014-10-30
1009680,2016-10-26
1009682,2014-11-15
1009685,2016-08-30
1009687,2014-12-31
1009688,2015-04-18
1009690,2014-12-31
1009693,2014-12-31
1009695,2014-10-25
1009697,2014-09-30
1009701,2014-10-30
1009702,2017-04-29
1009705,2016-09-29
1009706,2016-09-23
1009707,2016-10-25
1009709,2014-12-31
1009710,2016-12-15
1009712,2016-09-29
1009714,2014-01-02
1009715,2014-12-17
1009716,2014-10-28
1009719,2014-10-15
1009720,2014-10-04
1009721,2016-08-30
1009722,2014-12-31
1009723,2014-12-31
1009725,2014-12-31
1009726,2017-03-25
1009728,2014-10-03
1009735,2014-10-26
1009736,2014-11-01
1009737,2014-11-01
1009738,2014-12-01
1009739,2014-05-26
1009740,2014-05-06
1009741,2014-05-14
1009742,2014-05-10
1009746,2014-03-01
1009748,2014-12-31
1009749,2014-12-31
1009750,2014-05-17
1009752,2014-11-08
1009753,2014-12-31
1009754,2014-10-31
1009755,2014-06-07
1009756,2016-10-22
1009757,2014-09-30
1009758,2014-10-08
1009760,2016-11-23
1009761,2014-05-21
1009762,2014-10-17
1009765,2016-09-01
1009767,2014-10-01
1009769,2014-11-19
1009772,2014-09-25
1009773,2015-04-18
1009775,2014-09-20
1009776,2014-09-17
1009779,2016-12-31
1009780,2016-12-31
1009782,2014-12-31
1009787,2014-11-22
1009788,2014-10-15
1009789,2014-10-08
1009791,2014-12-31
1009792,2014-10-14
1009793,2014-12-20
1009794,2016-09-28
1009795,2016-10-29
1009796,2016-09-26
1009799,2014-09-27
1009801,2014-10-18
1009802,2016-10-30
1009803,2015-11-14
1009807,2014-10-25
1009808,2016-10-26
1009809,2014-10-25
1009810,2016-10-08
1009811,2014-09-30
1009812,2014-10-02
1009814,2014-10-25
1009815,2014-12-13
1009816,2014-07-13
1009818,2014-12-31
1009826,2014-08-28
1009827,2014-10-04
1009829,2015-10-07
1009830,2015-10-05
1009831,2014-11-08
1009833,2015-03-28
1009835,2017-04-15
1009837,2014-10-25
1009840,2014-12-11
1009841,2014-12-31
1009845,2014-11-25
1009846,2016-09-24
1009847,2014-11-12
1009848,2014-10-30
1009851,2016-12-31
1009852,2014-09-27
1009853,2014-12-20
1009854,2014-10-15
1009857,2014-10-25
1009861,2014-08-26
1009863,2014-12-31
1009864,2014-10-18
1009865,2014-11-01
1009866,2016-10-25
1009867,2014-11-22
1009868,2014-12-31
1009869,2014-10-01
1009870,2014-10-29
1009871,2014-10-31
1009872,2016-10-31
1009873,2016-10-06
1009876,2014-10-19
1009877,2014-12-11
1009878,2014-09-27
1009879,2014-10-11
1009881,2014-11-22
1009884,2016-10-15
1009889,2014-10-03
1009890,2016-10-30
1009891,2014-11-01
1009893,2014-10-12
1009894,2016-12-17
1009895,2016-12-18
1009896,2014-09-14
1009897,2016-10-06
1009899,2014-11-29
1009900,2014-12-24
1009901,2015-04-18
1009904,2014-07-26
1009906,2014-10-30
1009907,2017-09-01
1009908,2016-10-15
1009910,2014-10-10
1009912,2014-11-06
1009914,2014-10-25
1009916,2014-10-11
1009918,2015-10-31
1009921,2014-10-10
1009922,2014-11-28
1009929,2014-09-27
1009930,2014-08-30
1009931,2014-12-20
1009932,2014-10-25
1009934,2014-08-28
1009935,2014-10-18
1009936,2014-10-11
1009939,2017-04-29
1009941,2014-10-25
1009942,2014-10-24
1009946,2014-12-31
1009947,2014-10-11
1009948,2014-09-22
1009949,2014-09-25
1009951,2014-12-31
1009953,2014-10-08
1009954,2014-11-02
1009955,2016-12-31
1009956,2014-10-26
1009958,2014-09-24
1009959,2016-12-31
1009962,2014-11-21
1009967,2014-09-04
1009968,2014-10-29
1009969,2014-06-03
1009970,2016-10-29
1009974,2014-11-01
1009975,2016-10-29
1009977,2016-09-28
1009978,2014-10-30
1009979,2014-12-31
1009980,2014-08-28
1009981,2014-10-10
1009982,2016-10-29
1009983,2016-09-24
1009987,2014-12-31
1009988,2014-09-26
1009990,2014-10-17
1009991,2014-10-15
1009992,2017-05-31
1009993,2014-10-29
1009994,2014-09-27
1009996,2014-12-31
1009997,2014-09-28
1009998,2014-12-31
1010000,2015-12-12
1010001,2014-10-01
1010003,2014-12-31
1010004,2014-10-22
1010006,2014-12-20
1010007,2014-09-17
1010009,2014-11-16
1010010,2014-10-25
1010011,2014-10-10
1010013,2014-10-25
1010016,2014-10-18
1010019,2015-12-31
1010020,2014-10-08
1010022,2016-12-31
1010023,2016-10-08
1010024,2017-03-04
1010025,2016-10-25
1010026,2016-10-27
1010028,2016-10-13
1010029,2014-10-07
1010030,2014-11-01
1010031,2016-12-31
1010032,2014-10-31
1010034,2014-10-30
1010036,2014-09-27
1010037,2014-12-31
1010039,2014-09-25
1010041,2014-09-30
1010042,2014-10-28
1010043,2014-11-30
1010046,2014-12-31
1010047,2014-10-02
1010048,2014-10-25
1010049,2016-09-28
1010051,2016-08-18
1010052,2014-10-19
1010057,2014-12-31
1010058,2016-10-12
1010059,2014-08-28
1010060,2015-10-31
1010062,2014-10-25
1010064,2014-10-11
1010066,2017-06-10
1010067,2014-12-31
1010068,2014-09-27
1010069,2016-01-01
1010070,2014-10-11
1010072,2016-10-31
1010073,2014-09-17
1010075,2014-08-30
1010078,2014-10-17
1010080,2014-10-25
1010081,2014-10-01
1010084,2016-10-25
1010085,2015-11-21
1010087,2016-10-13
1010089,2014-09-24
1010090,2014-10-30
1010092,2014-10-04
1010093,2014-10-18
1010096,2014-10-26
1010097,2015-10-15
1010098,2014-10-25
1010100,2014-09-25
1010101,2014-09-07
1010102,2014-10-02
1010104,2016-10-26
1010105,2015-08-30
1010106,2014-10-25
1010107,2016-09-30
1010109,2014-10-18
1010111,2014-10-25
1010112,2016-12-31
1010113,2014-12-31
1010115,2014-09-25
1010117,2016-09-08
1010118,2016-09-29
1010120,2014-09-01
1010121,2014-05-10
1010123,2016-12-31
1010124,2014-09-27
1010125,2014-12-01
1010127,2014-10-11
1010129,2014-09-27
1010131,2014-10-25
1010134,2014-12-31
1010135,2014-09-30
1010137,2016-10-01
1010138,2014-10-15
1010139,2014-09-24
1010140,2014-09-28
1010142,2014-07-31
1010143,2014-10-07
1010145,2014-10-16
1010146,2014-12-31
1010148,2015-05-08
1010149,2015-04-01
1010152,2015-10-25
1010153,
1010154,2016-12-31
1010155,2014-12-31
1010156,2014-12-31
1010157,2014-09-26
1010158,2014-10-11
1010159,2014-10-31
1010160,2014-09-06
1010161,2014-08-27
1010162,2016-12-31
1010163,2014-11-01
1010164,2014-06-06
1010166,2015-03-28
1010168,2014-08-27
1010172,2014-09-06
1010173,2016-09-24
1010174,2014-12-31
1010175,2016-10-01
1010176,2014-12-31
1010177,2016-10-29
1010182,2014-10-26
1010183,2014-08-21
1010185,2015-04-25
1010186,2014-10-25
1010189,2014-12-31
1010192,2014-09-25
1010194,2014-10-02
1010195,2016-10-08
1010196,2014-10-18
1010197,2014-09-30
1010200,2014-10-30
1010201,2014-12-31
1010202,2014-09-24
1010203,2014-10-04
1010205,2015-10-01
1010207,2014-09-27
1010216,2014-09-30
1010217,2016-10-23
1010218,2014-08-27
1010219,2014-08-27
1010221,2014-09-06
1010222,2014-12-31
1010223,2014-12-31
1010224,2014-10-18
1010225,2014-11-29
1010227,2014-09-13
1010229,2016-04-16
1010230,2014-09-16
1010232,2014-08-26
1010233,2014-10-30
1010234,2016-09-30
1010236,2014-10-11
1010239,2014-10-15
1010240,2014-10-15
1010241,2014-10-01
1010243,2016-10-11
1010245,2016-10-27
1010247,2014-09-27
1010248,2016-10-08
1010251,2016-09-28
1010252,2016-10-15
1010254,2014-09-20
1010255,2014-11-23
1010258,2016-11-16
1010259,2014-09-20
1010261,2014-10-10
1010262,2014-10-14
1010263,2014-10-31
1010264,2014-09-01
1010266,2014-12-15
1010268,2014-10-11
1010269,2014-10-31
1010270,2014-12-31
1010271,2014-10-14
1010272,2014-11-02
1010276,2014-11-01
1010277,2014-11-07
1010278,2014-10-11
1010279,2014-09-27
1010280,2014-12-31
1010281,2014-12-06
1010283,2014-10-27
1010284,2014-11-20
1010285,2015-03-29
1010286,2016-09-28
1010287,2014-09-11
1010288,2016-10-27
1010290,2016-04-01
1010292,2014-12-31
1010293,2014-10-11
1010296,2014-12-31
1010298,2014-09-25
1010300,2014-10-15
1010301,2014-10-25
1010304,2014-10-25
1010305,2014-12-31
1010307,2014-12-31
1010309,2014-10-25
1010311,2014-09-04
1010312,2014-10-25
1010313,2014-10-25
1010314,2014-12-31
1010315,2014-09-27
1010316,2014-12-31
1010317,2014-08-30
1010319,2016-12-31
1010320,2016-12-31
1010321,2014-10-25
1010322,2014-10-29
1010323,2016-12-31
1010324,2014-05-17
1010325,2015-08-26
1010327,2015-05-31
1010328,2014-10-18
1010329,2015-11-25
1010339,2014-12-31
1010343,2014-09-27
1010346,2016-10-29
1010347,2015-05-31
1010349,2014-12-14
1010353,2016-10-16
1010354,2014-09-14
1010357,2014-10-25
1010358,2014-12-20
1010360,2014-09-25
1010364,2020-08-01
1010366,2014-12-31
1010368,2016-10-31
1010375,2017-03-31
1010376,2016-10-01
1010380,2015-09-22
1010383,2014-08-30
1010384,2014-10-30
1010385,2014-10-30
1010386,2014-09-30
1010387,2014-09-28
1010389,2014-12-31
1010390,2016-11-19
1010393,2014-10-25
1010394,2015-10-17
1010397,2016-04-20
1010398,2016-11-20
1010399,2014-12-31
1010400,2014-12-31
1010404,2014-12-31
1010406,2015-12-27
1010407,2014-11-08
1010408,2015-11-21
1010410,2015-11-22
1010413,2014-12-31
1010414,2015-10-10
1010415,2014-12-31
1010416,2014-12-31
1010417,2014-09-24
1010418,2014-10-15
1010419,2014-09-13
1010420,2014-10-03
1010421,2014-10-25
1010422,2014-09-19
1010426,2014-12-31
1010427,2015-10-30
1010428,2015-05-02
1010429,2014-10-31
1010433,2014-10-24
1010434,2014-12-31
1010436,2016-10-22
1010437,2014-12-01
1010438,2014-09-01
1010440,2014-10-25
1010442,2014-09-25
1010444,2015-09-23
1010445,2014-10-09
1010447,2014-11-02
1010452,2014-12-31
1010453,2016-08-31
1010455,2016-12-31
1010456,2016-10-31
1010457,2016-12-31
1010459,2016-11-19
1010460,2017-04-29
1010462,2016-10-22
1010467,2014-09-27
1010472,2016-10-31
1010474,2015-10-17
1010476,2014-12-31
1010478,2015-07-25
1010479,2014-12-31
1010480,2016-10-29
1010482,2014-10-31
1010483,2014-12-31
1010485,2014-11-25
1010487,2016-12-24
1010488,2016-10-13
1010494,2014-09-27
1010496,2014-09-27
1010501,2014-11-16
1010502,2016-10-13
1010505,2014-09-27
1010506,2014-12-01
1010508,2014-09-25
1010512,2016-12-31
1010513,2014-11-15
1010514,2017-05-28
1010515,2017-04-27
1010516,2017-04-26
1010517,2017-04-29
1010518,2015-03-09
1010519,2014-12-31
1010523,2016-12-31
1010525,2016-10-29
1010526,2017-03-11
1010528,2014-12-31
1010529,2014-10-01
1010536,2014-10-30
1010541,2015-04-01
1010544,2015-12-31
1010545,2016-03-31
1010546,2014-12-31
1010548,2014-10-25
1010554,2014-12-31
1010555,2014-12-31
1010556,2014-11-19
1010559,2014-10-25
1010560,2016-10-29
1010561,2014-10-19
1010564,2015-10-31
1010568,2015-04-30
1010569,2014-12-31
1010571,2016-10-29
1010572,2016-12-31
1010574,2014-10-29
1010575,2015-12-31
1010577,2017-10-28
1010579,2014-09-30
1010582,2014-10-10
1010583,2014-10-08
1010590,2014-10-25
1010594,2014-11-15
1010595,2014-12-31
1010596,2016-08-26
1010597,2014-09-13
1010598,2014-10-30
1010600,2014-11-29
1010601,2014-12-31
1010604,2014-10-04
1010606,2014-12-31
1010607,2016-12-17
1010608,2016-12-17
1010613,2015-04-04
1010619,2014-11-04
1010621,2014-12-31
1010622,2014-10-25
1010623,2016-10-30
1010625,2016-10-05
1010627,2015-12-31
1010629,2015-10-31
1010630,2016-12-31
1010631,2016-10-28
1010632,2015-10-24
1010636,2016-10-26
1010638,2014-12-31
1010639,2015-08-06
1010640,2016-11-19
1010641,2016-12-31
1010664,2016-01-23
1010665,2016-02-28
1010666,2016-02-13
1010667,2016-02-06
1010668,2016-03-05
1010670,2016-03-13
1010671,2016-03-19
1010683,2015-12-09
1010685,2014-10-11
1010686,2015-04-30
1010687,2015-11-15
1010688,2014-12-31
1010691,2014-11-30
1010694,2015-02-28
1010695,2014-10-31
1010696,2015-10-27
1010697,2014-10-29
1010702,2014-11-26
1010704,2014-10-30
1010706,2015-10-29
1010707,2014-10-25
1010708,2015-10-28
1010709,2015-09-27
1010710,2014-12-31
1010711,2014-09-25
1010713,2014-12-31
1010714,2014-12-31
1010722,2014-11-26
1010726,2015-10-21
1010734,2016-12-31
1010738,2015-04-26
1010739,2016-12-17
1010742,2015-10-10
1010743,2016-09-28
1010744,2015-04-18
1010745,2015-10-17
1010746,2016-09-30
1010747,2014-09-20
1010748,2014-12-31
1010750,2014-07-05
1010751,2015-10-08
1010752,2015-03-28
1010755,2015-10-28
1010758,2015-12-31
1010760,2015-10-31
1010761,2016-10-08
1010765,2015-12-05
1010766,2015-12-31
1010767,2015-12-31
1010769,2015-11-07
1010770,2016-09-07
1010773,2016-09-10
1010774,2020-01-04
1010775,2020-01-05
1010776,2020-01-05
1010780,2016-12-17
1010782,2015-09-28
1010783,2015-04-18
1010784,2016-10-15
1010786,2015-10-03
1010787,2015-09-23
1010788,2016-11-16
1010793,2015-12-31
1010794,2015-12-31
1010796,2016-10-29
1010798,2015-09-26
1010800,2015-08-27
1010801,2015-09-29
1010802,2015-11-17
1010803,2015-09-26
1010804,2015-09-17
1010805,2016-05-01
1010806,2015-09-26
1010807,2015-08-15
1010808,2015-08-13
1010809,2015-09-30
1010810,2015-10-01
1010813,2016-12-18
1010814,2015-10-30
1010815,2015-07-26
1010816,2015-10-31
1010818,2015-10-31
1010819,2016-10-25
1010820,2015-10-28
1010821,2015-11-28
1010822,2015-09-15
1010823,2015-11-24
1010825,2015-09-26
1010827,2015-08-29
1010829,2015-10-09
1010830,2015-04-01
1010831,2015-10-31
1010832,2015-10-25
1010833,2016-09-24
1010834,2015-12-05
1010836,2015-10-31
1010837,2015-12-31
1010838,2016-09-10
1010839,2015-11-21
1010840,2017-03-01
1010841,2016-12-03
1010842,2015-10-31
1010845,2015-11-10
1010846,2015-06-04
1010847,2015-10-29
1010848,2016-10-15
1010849,2016-10-20
1010850,2015-10-31
1010851,2015-12-20
1010852,2015-10-01
1010854,2015-09-29
1010855,2016-04-02
1010860,2016-04-02
1010863,2015-10-24
1010865,2016-11-19
1010866,2017-05-17
1010867,2016-10-08
1010868,2015-10-28
1010870,2015-10-27
1010871,2016-05-07
1010872,2015-09-25
1010873,2015-10-30
1010874,2015-10-10
1010876,2015-11-01
1010877,2015-10-31
1010878,2015-10-01
1010879,2015-09-28
1010882,2015-12-31
1010883,2015-10-17
1010884,2015-10-31
1010885,2015-10-29
1010886,2016-04-16
1010889,2015-10-31
1010891,2016-12-17
1010893,2015-11-11
1010894,2016-09-29
1010896,2015-07-11
1010899,2016-09-24
1010900,2015-11-28
1010901,2016-09-06
1010902,2015-12-31
1010903,2015-10-17
1010904,2015-10-25
1010925,2016-10-22
1010927,2015-08-25
1010928,2015-12-31
1010929,2015-10-03
1010931,2015-04-25
1010933,2015-12-31
1010937,2015-10-31
1010938,2015-10-30
1010939,2016-12-24
1010940,2015-10-28
1010944,2015-11-22
1010945,2015-10-21
1010946,2015-05-02
1010947,2016-10-29
1010948,2016-04-30
1010950,2015-10-31
1010953,2016-11-20
1010954,2016-12-17
1010955,2015-10-17
1010956,2015-10-31
1010957,2015-10-31
1010958,2016-11-18
1010959,2016-12-31
1010960,2015-12-06
1010961,2016-11-20
1010962,2015-04-25
1010964,2015-11-29
1010965,2015-11-22
1010966,2015-11-15
1010967,2015-11-01
1010968,2015-11-15
1010969,2016-11-20
1010971,2017-04-16
1010972,2016-12-17
1010973,2016-11-16
1010975,2015-12-30
1010976,2016-10-15
1010977,2015-08-27
1010978,2015-10-25
1010981,2015-11-07
1010982,2016-11-18
1010983,2016-11-27
1010984,2017-03-26
1010985,2015-08-30
1010986,2015-10-28
1010987,2015-12-31
1010989,2016-12-31
1010990,2015-10-01
1010991,2016-09-28
1010992,2015-12-19
1010993,2015-12-19
1010994,2016-09-01
1010995,2015-11-21
1010997,2015-12-31
1010998,2016-05-07
1011000,2015-10-17
1011002,2016-09-29
1011003,2015-11-01
1011004,2016-09-24
1011012,2015-12-31
1011013,2016-10-29
1011014,2015-12-31
1011016,2016-09-25
1011017,2016-10-01
1011018,2015-11-29
1011022,2015-11-24
1011027,2016-11-20
1011028,2016-10-28
1011031,2015-09-30
1011033,2016-10-29
1011034,2015-10-30
1011035,2015-11-28
1011037,2015-10-31
1011038,2015-10-31
1011039,2015-10-31
1011040,2015-10-31
1011041,2015-10-31
1011042,2015-09-08
1011043,2015-10-29
1011044,2015-12-31
1011046,2015-10-16
1011051,2016-10-21
1011052,2016-11-17
1011053,2015-09-24
1011055,2015-10-31
1011056,2015-10-11
1011057,2015-11-01
1011058,2015-09-26
1011059,2015-10-24
1011060,2015-10-21
1011061,2015-10-17
1011062,2015-10-22
1011063,2016-12-18
1011066,2015-10-17
1011071,2015-10-31
1011072,2015-10-31
1011075,2016-03-26
1011076,2015-12-26
1011082,2016-10-29
1011083,2017-04-15
1011084,2015-10-11
1011085,2015-10-31
1011087,2015-10-17
1011088,2015-10-31
1011089,2015-10-31
1011090,2015-10-10
1011092,2016-06-07
1011093,2015-11-21
1011094,2015-10-27
1011095,2015-10-29
1011098,2016-04-30
1011100,2015-10-27
1011101,2016-04-30
1011102,2015-10-31
1011103,2015-09-24
1011104,2015-10-31
1011106,2016-10-31
1011107,2015-09-26
1011108,2015-10-31
1011109,2015-10-17
1011110,2015-10-20
1011111,2015-10-29
1011112,2015-12-31
1011113,2015-10-28
1011114,2015-10-22
1011116,2016-10-15
1011118,2015-10-31
1011119,2016-09-27
1011122,2015-10-31
1011123,2015-09-24
1011124,2015-10-11
1011126,2015-09-26
1011127,2016-05-14
1011130,2015-10-31
1011136,2015-11-15
1011137,2015-10-27
1011139,2015-06-03
1011141,2015-09-17
1011142,2017-04-09
1011144,2016-12-31
1011145,2016-10-29
1011146,2015-09-26
1011147,2015-10-03
1011148,2017-04-08
1011149,2016-09-24
1011151,2016-10-08
1011153,2016-09-30
1011154,2016-08-30
1011155,2015-08-30
1011157,2015-10-01
1011158,2016-10-12
1011159,2015-10-31
1011160,2015-12-31
1011161,2015-10-15
1011162,2015-12-12
1011164,2015-10-14
1011166,2015-10-13
1011167,2015-11-28
1011169,2015-12-31
1011170,2015-10-11
1011171,2015-10-31
1011172,2015-10-21
1011173,2016-12-31
1011174,2016-10-15
1011177,2015-10-25
1011178,2015-12-31
1011180,2016-05-29
1011181,2015-10-31
1011182,2015-09-24
1011183,2016-09-21
1011187,2016-12-01
1011188,2016-11-19
1011189,2016-10-29
1011190,2016-09-28
1011191,2015-10-31
1011192,2016-05-14
1011193,2015-08-25
1011195,2015-10-31
1011196,2016-10-30
1011198,2015-11-12
1011200,2015-10-01
1011201,2016-10-01
1011203,2015-10-28
1011204,2015-10-31
1011206,2016-10-01
1011207,2015-10-03
1011208,2016-10-06
1011209,2015-11-22
1011210,2015-10-31
1011215,2015-09-02
1011216,2015-09-02
1011217,2015-09-03
1011218,2015-09-03
1011219,2015-09-12
1011221,2015-11-22
1011222,2015-09-24
1011224,2016-12-17
1011225,2015-12-31
1011226,2016-10-01
1011227,2016-10-14
1011229,2015-10-03
1011230,2015-10-10
1011231,2016-11-20
1011232,2015-11-14
1011233,2016-03-31
1011235,2015-12-31
1011237,2015-10-29
1011238,2015-12-31
1011239,2016-04-01
1011240,2015-10-03
1011241,2015-09-25
1011242,2015-10-06
1011244,2015-12-31
1011246,2016-10-15
1011247,2015-09-16
1011248,2015-11-28
1011250,2015-09-26
1011252,2015-09-17
1011253,2015-09-26
1011254,2015-10-30
1011255,2015-09-25
1011256,2015-10-03
1011258,2015-09-27
1011260,2015-09-26
1011262,2015-10-17
1011264,2015-10-17
1011265,2016-10-15
1011266,2015-09-10
1011267,2016-10-08
1011268,2015-12-31
1011269,2017-05-20
1011271,2015-12-31
1011274,2016-09-22
1011278,2015-12-31
1011279,2016-02-13
1011280,2015-10-03
1011282,2016-04-30
1011285,2016-05-07
1011286,2016-10-05
1011287,2015-09-30
1011288,2016-06-16
1011289,2015-10-24
1011290,2015-11-21
1011291,2016-10-29
1011292,2015-12-26
1011295,2015-10-17
1011296,2015-09-12
1011298,2015-12-31
1011299,2016-09-29
1011300,2015-12-31
1011301,2015-08-26
1011302,2015-12-12
1011303,2016-11-20
1011306,2015-10-10
1011307,2015-12-31
1011310,2015-11-04
1011311,2015-12-31
1011312,2015-10-10
1011313,2016-12-01
1011314,2015-11-21
1011315,2015-09-26
1011316,2016-12-11
1011318,2015-10-31
1011319,2015-11-21
1011320,2016-10-13
1011322,2016-05-19
1011327,2015-12-31
1011328,2016-10-01
1011329,2016-12-10
1011330,2015-10-31
1011333,2015-12-31
1011334,2015-09-25
1011335,2015-09-30
1011336,2015-12-31
1011337,2015-11-07
1011341,2015-10-25
1011342,2015-09-29
1011343,2015-12-31
1011345,2015-12-31
1011346,2015-12-31
1011347,2015-12-31
1011348,2015-12-31
1011349,2015-11-21
1011350,2015-09-19
1011351,2015-10-29
1011352,2015-12-31
1011353,2015-11-14
1011354,2015-11-18
1011355,2015-09-26
1011356,2015-12-31
1011357,2015-12-31
1011358,2015-10-10
1011359,2015-05-28
1011363,2016-09-29
1011365,2015-10-06
1011367,2016-10-04
1011375,2015-10-29
1011376,2015-11-22
1011377,2015-10-24
1011386,2016-02-29
1011390,2015-10-01
1011395,2015-10-01
1011396,2015-10-03
1011397,2015-12-31
1011398,2015-12-31
1011401,2015-09-30
1011402,2016-10-29
1011404,2016-09-24
1011411,2015-10-01
1011412,2015-06-18
1011413,2015-10-31
1011415,2015-10-17
1011418,2015-09-30
1011421,2015-12-31
1011426,2015-12-31
1011429,2015-10-28
1011430,2015-12-31
1011432,2015-12-31
1011436,2015-09-01
1011440,2015-12-31
1011441,2015-11-20
1011443,2015-12-31
1011444,2015-12-31
1011445,2015-12-31
1011447,2015-12-31
1011448,2015-12-31
1011449,2015-10-07
1011456,2015-10-08
1011459,2015-11-04
1011460,2015-12-16
1011466,2015-10-13
1011470,2016-09-15
1011481,2015-10-24
1011482,2016-10-12
1011483,2015-12-31
1011484,2015-12-09
1011485,2015-10-28
1011486,2015-09-26
1011488,2015-12-31
1011489,2015-10-25
1011490,2016-08-29
1011491,2015-12-31
1011492,2016-10-02
1011494,2015-10-13
1011495,2015-12-31
1011496,2015-10-15
1011497,2015-12-31
1011498,2015-11-11
1011499,2015-12-31
1011501,2015-10-10
1011502,2015-12-31
1011514,2015-10-29
1011527,2016-09-24
1011528,2015-10-29
1011529,2015-12-27
1011530,2016-12-01
1011531,2016-12-01
1011533,2016-12-31
1011534,2015-09-28
1011535,2016-10-29
1011537,2015-12-27
1011538,2015-08-27
1011540,2015-10-17
1011541,2015-09-24
1011543,2016-09-24
1011590,2016-10-25
1011592,2015-10-30
1011593,2015-09-30
1011595,2015-09-03
1011596,2015-10-31
1011597,2015-12-31
1011598,2015-10-25
1011599,2016-10-15
1011601,2015-09-30
1011602,2015-09-29
1011605,2015-10-15
1011607,2015-12-31
1011608,2015-12-31
1011609,2015-12-31
1011610,2015-10-30
1011611,2015-10-29
1011612,2015-12-31
1011613,2015-10-30
1011614,2015-10-29
1011617,2015-12-31
1011618,2015-12-31
1011619,2015-12-31
1011620,2016-11-17
1011621,2015-12-31
1011622,2015-12-31
1011623,2015-12-31
1011624,2016-12-31
1011625,2015-12-31
1011626,2015-12-31
1011627,2015-12-31
1011628,2015-12-31
1011629,2015-12-31
1011630,2015-10-31
1011631,2015-12-31
1011633,2015-12-31
1011634,2015-12-31
1011635,2015-12-31
1011636,2015-12-31
1011638,2015-12-31
1011640,2015-12-31
1011641,2015-12-31
1011642,2015-12-31
1011643,2015-12-31
1011644,2015-12-31
1011646,2015-12-31
1011647,2015-12-31
1011648,2015-12-31
1011649,2015-12-31
1011650,2015-12-31
1011651,2015-12-31
1011656,2015-12-31
1011657,2015-10-08
1011658,2015-09-25
1011662,2016-04-09
1011664,2015-09-19
1011667,2015-10-31
1011668,2016-04-14
1011669,2015-09-27
1011670,2016-10-15
1011672,2015-08-13
1011673,2016-12-18
1011674,2015-10-01
1011675,2015-10-31
1011676,2015-10-31
1011677,2015-10-31
1011679,2016-08-27
1011680,2015-12-31
1011684,2017-10-26
1011685,2017-04-23
1011688,2016-03-19
1011689,2016-08-31
1011690,2015-09-05
1011691,2017-04-29
1011692,2016-08-27
1011693,2016-06-25
1011694,2015-12-31
1011696,2016-12-31
1011697,2015-12-31
1011705,2016-08-27
1011709,2016-09-24
1011711,2015-12-31
1011712,2016-10-15
1011713,2016-04-16
1011715,2016-10-06
1011716,2016-08-31
1011717,2016-11-01
1011718,2016-09-01
1011719,2015-12-05
1011720,2016-01-17
1011721,2016-03-12
1011722,2015-11-07
1011723,2015-11-21
1011724,2015-11-22
1011725,2016-02-21
1011726,2016-01-09
1011727,2016-01-30
1011728,2015-12-05
1011729,2015-12-19
1011730,2015-12-31
1011731,2015-12-31
1011732,2016-09-24
1011733,2017-05-25
1011734,2015-11-01
1011735,2017-07-01
1011738,2016-10-29
1011739,2015-12-31
1011740,2016-11-16
1011742,2015-10-24
1011743,2016-04-30
1011744,2015-12-31
1011745,2015-10-01
1011746,2016-10-12
1011750,2016-09-28
1011751,2016-09-28
1011753,2016-12-31
1011756,2016-10-25
1011757,2016-12-31
1011758,2016-10-06
1011761,2016-12-13
1011762,2016-12-31
1011764,2016-12-31
1011765,2016-12-31
1011767,2016-10-29
1011768,2017-03-31
1011769,2016-09-28
1011770,2016-10-02
1011771,2016-09-28
1011772,2016-12-31
1011773,2016-10-17
1011774,2016-11-30
1011775,2016-04-30
1011776,2016-10-29
1011777,2016-10-19
1011779,2016-12-31
1011780,2016-10-29
1011782,2016-10-30
1011783,2016-10-10
1011784,2017-03-25
1011785,2016-10-28
1011786,2016-11-17
1011791,2016-09-28
1011793,2016-10-14
1011794,2016-11-18
1011795,2016-12-31
1011796,2016-10-29
1011797,2016-11-30
1011798,2016-10-29
1011799,2016-09-10
1011800,2016-10-08
1011802,2016-12-31
1011803,2016-11-01
1011805,2016-11-19
1011807,2017-03-11
1011808,2016-09-27
1011809,2016-09-24
1011811,2016-12-31
1011812,2016-10-26
1011814,2016-12-31
1011816,2016-11-19
1011817,2016-09-17
1011818,2016-10-13
1011819,2016-12-31
1011820,2016-12-31
1011821,2016-09-10
1011823,2017-09-28
1011826,2017-06-30
1011827,2016-10-29
1011829,2016-11-05
1011830,2016-09-25
1011831,2016-09-01
1011832,2016-04-23
1011833,2016-10-29
1011835,2016-12-18
1011836,2016-10-31
1011837,2016-10-14
1011840,2016-10-26
1011841,2016-10-01
1011842,2016-12-31
1011843,2017-04-29
1011845,2016-12-31
1011846,2016-12-31
1011847,2016-12-01
1011848,2016-12-31
1011849,2016-12-31
1011851,2016-10-27
1011852,2016-10-28
1011853,2016-10-15
1011854,2016-10-29
1011855,2016-03-26
1011857,2016-09-25
1011858,2016-08-25
1011859,2016-10-11
1011861,2016-08-27
1011866,2016-09-29
1011868,2016-10-29
1011869,2016-12-31
1011870,2016-10-29
1011871,2016-10-01
1011872,2016-12-23
1011873,2017-08-31
1011876,2016-10-08
1011877,2016-12-17
1011878,2016-10-12
1011879,2016-10-30
1011880,2016-11-19
1011881,2016-10-15
1011883,2016-10-31
1011884,2016-10-26
1011885,2016-10-04
1011886,2016-12-31
1011887,2016-04-17
1011888,2016-09-29
1011890,2016-10-18
1011893,2016-10-29
1011894,2016-10-15
1011895,2016-12-31
1011896,2016-10-27
1011897,2016-01-30
1011898,2016-10-19
1011899,2016-12-31
1011900,2016-10-25
1011901,2016-10-06
1011902,2016-09-24
1011903,2016-10-29
1011905,2016-10-29
1011906,2016-10-20
1011907,2016-10-29
1011910,2016-04-18
1011911,2016-10-29
1011913,2016-10-08
1011914,2016-12-31
1011915,2016-10-27
1011917,2016-10-24
1011918,2016-08-25
1011919,2016-10-12
1011920,2016-10-19
1011921,2016-12-30
1011922,2016-10-15
1011923,2016-12-31
1011925,2016-09-24
1011927,2016-08-25
1011928,2016-09-28
1011929,2016-10-15
1011930,2016-09-14
1011931,2016-10-26
1011934,2016-10-15
1011935,2016-10-15
1011936,2016-10-14
1011938,2016-10-14
1011939,2016-10-27
1011940,2016-10-29
1011942,2016-08-30
1011943,2016-10-31
1011946,2016-12-31
1011947,2016-11-23
1011950,2016-09-25
1011951,2016-09-24
1011952,2017-07-21
1011953,2016-12-31
1011954,2016-10-27
1011955,2016-12-31
1011956,2016-08-13
1011957,2016-12-31
1011958,2016-10-29
1011959,2017-05-01
1011961,2016-12-15
1011962,2017-04-29
1011963,
1011964,2016-10-28
1011965,2016-09-14
1011966,2016-09-29
1011967,2016-12-31
1011968,2016-11-19
1011971,2016-10-08
1011972,2016-10-20
1011974,2016-10-05
1011975,2016-10-08
1011979,2016-09-27
1011981,2016-10-07
1011982,2016-09-24
1011983,2016-09-17
1011985,2016-10-27
1011986,2016-10-29
1011987,2016-09-01
1011989,2016-09-27
1011991,2016-10-25
1011992,2016-10-25
1011993,2017-10-25
1011994,2016-10-27
1011995,2016-12-31
1011996,2016-12-31
1011997,2016-11-19
1011998,2016-11-20
1011999,2016-09-24
1012000,2016-09-29
1012001,2016-10-12
1012002,2016-10-01
1012003,2016-09-27
1012004,2016-01-01
1012005,2016-12-31
1012006,2016-10-26
1012007,2016-10-15
1012011,2016-10-31
1012013,2016-09-24
1012015,2016-10-28
1012016,2016-10-01
1012017,2016-09-24
1012019,2016-11-19
1012020,2016-09-27
1012021,2016-10-30
1012022,2016-10-29
1012023,2016-11-19
1012024,2016-11-16
1012025,2016-09-27
1012026,2016-10-27
1012027,2016-10-26
1012028,2016-10-27
1012030,2016-10-29
1012031,2016-09-24
1012033,2016-10-29
1012035,2016-09-08
1012036,2016-10-25
1012037,2016-11-26
1012038,2016-12-31
1012040,2016-10-08
1012041,2016-10-29
1012042,2016-09-01
1012043,2016-12-31
1012044,2016-10-29
1012045,2016-12-31
1012046,2016-12-10
1012047,2016-11-19
1012048,2016-10-08
1012049,2016-12-17
1012050,2017-03-18
1012051,2016-10-29
1012054,2016-10-25
1012055,2016-10-16
1012056,2016-09-14
1012057,2016-10-13
1012059,2016-10-22
1012060,2016-10-21
1012061,2017-03-25
1012062,2016-08-27
1012063,2016-10-12
1012064,2016-10-07
1012065,2016-10-28
1012066,2016-10-29
1012067,2017-02-25
1012068,2016-10-25
1012070,2016-11-25
1012071,2016-10-29
1012072,2016-11-24
1012073,2016-11-27
1012074,2016-12-31
1012076,2016-11-19
1012077,2016-12-31
1012078,2016-09-25
1012080,2016-10-13
1012081,2016-11-20
1012082,2016-11-17
1012083,2016-11-22
1012084,2016-12-31
1012085,2016-10-15
1012086,2017-04-11
1012087,2016-09-24
1012088,2016-10-19
1012089,2016-10-29
1012090,2016-10-29
1012091,2016-11-17
1012094,2016-10-13
1012095,2016-10-12
1012096,2016-10-28
1012097,2016-10-07
1012099,2016-10-26
1012100,2016-10-26
1012101,2016-11-16
1012102,2016-10-29
1012103,2016-10-31
1012105,2016-10-29
1012106,2016-12-31
1012107,2016-10-29
1012108,2016-09-30
1012110,2016-12-31
1012115,2016-10-28
1012116,2016-11-19
1012117,2016-10-15
1012118,2016-11-19
1012120,2016-12-17
1012121,2016-10-25
1012122,2016-10-25
1012125,2016-10-29
1012126,2016-10-15
1012127,2016-07-02
1012128,2017-05-06
1012129,2016-12-17
1012130,2016-09-28
1012131,2016-11-10
1012132,2016-12-31
1012133,2016-10-15
1012134,2016-10-25
1012135,2016-10-29
1012141,2016-10-01
1012142,2016-09-23
1012143,2016-10-27
1012144,2016-10-16
1012146,2016-10-28
1012148,2016-10-01
1012149,2016-10-11
1012150,2016-10-11
1012151,2016-10-12
1012152,2016-10-13
1012153,2016-10-14
1012156,2016-09-02
1012157,2016-09-13
1012158,2016-12-31
1012160,2016-10-01
1012161,2016-10-15
1012164,2016-11-08
1012165,2016-09-03
1012167,2016-11-22
1012170,2016-10-29
1012171,2016-06-25
1012172,2016-10-15
1012173,2017-11-18
1012174,2016-10-01
1012175,2016-10-21
1012178,2016-09-28
1012179,2016-10-23
1012182,2016-12-31
1012183,2016-10-28
1012184,2016-10-13
1012187,2016-10-29
1012188,2016-01-01
1012189,2016-10-13
1012191,2017-05-27
1012192,2016-12-01
1012194,2016-10-01
1012195,2016-10-29
1012196,2017-05-27
1012197,2016-09-11
1012198,2017-06-28
1012199,2016-09-24
1012201,2016-12-31
1012202,2016-10-16
1012203,2016-10-15
1012204,2017-04-01
1012205,2016-10-29
1012206,2016-10-19
1012207,2016-08-29
1012208,2016-09-28
1012209,2016-10-06
1012212,2016-09-29
1012213,
1012215,2016-09-24
1012216,2016-12-31
1012217,2016-10-15
1012218,2016-11-30
1012220,2016-09-22
1012224,2017-04-29
1012225,2016-10-27
1012226,2016-09-15
1012227,2016-10-21
1012228,2016-11-12
1012229,2016-10-28
1012232,2016-10-31
1012233,2016-10-01
1012234,2016-10-25
1012235,2016-11-26
1012236,2016-10-29
1012237,2016-10-25
1012238,2016-11-23
1012239,2016-12-31
1012240,2016-09-22
1012241,2016-09-29
1012242,2016-10-27
1012243,2016-10-29
1012244,2017-03-30
1012245,2016-10-13
1012246,2016-10-12
1012249,2016-10-11
1012250,2016-10-16
1012251,2016-10-05
1012252,2016-09-28
1012253,2016-10-28
1012254,2016-10-13
1012255,2016-10-30
1012256,2016-10-26
1012257,2016-12-17
1012260,2016-12-31
1012261,2016-10-01
1012262,2016-10-26
1012265,2016-10-06
1012266,2016-10-04
1012268,2016-12-17
1012269,2016-09-30
1012270,2016-10-29
1012271,2016-10-27
1012273,2016-12-24
1012274,2016-09-21
1012275,2016-12-31
1012276,2016-11-19
1012277,2017-04-28
1012278,2017-05-27
1012280,2016-08-18
1012282,2016-12-31
1012283,2016-10-03
1012285,2016-09-30
1012286,2016-12-31
1012287,2016-10-06
1012288,2016-10-29
1012289,2016-10-26
1012290,2016-09-28
1012292,2016-12-31
1012293,2016-10-22
1012294,2016-10-29
1012295,2016-10-26
1012296,2016-10-26
1012297,2016-08-29
1012298,2016-10-26
1012300,2016-10-05
1012301,2016-10-01
1012303,2016-09-17
1012304,2016-09-30
1012307,2016-11-19
1012308,2016-10-08
1012309,2016-10-10
1012310,2016-10-19
1012311,2016-09-28
1012313,2016-09-07
1012314,2017-04-15
1012315,2016-09-14
1012316,2016-11-01
1012317,2016-10-29
1012318,2016-10-01
1012320,2017-05-27
1012321,2016-12-31
1012323,2016-10-29
1012324,2016-10-30
1012325,2016-12-10
1012328,2016-10-26
1012329,2016-09-07
1012330,2016-08-28
1012331,2017-04-15
1012332,2016-10-22
1012333,2016-10-22
1012334,2016-12-31
1012335,2016-11-19
1012337,2016-09-24
1012339,2016-12-31
1012340,2016-12-31
1012341,2016-10-31
1012342,2016-10-30
1012343,2016-12-31
1012344,2016-09-27
1012345,2016-10-13
1012346,2016-12-31
1012347,2016-10-20
1012348,2016-10-06
1012349,2016-09-29
1012351,2016-10-21
1012353,2016-10-29
1012355,2016-09-22
1012356,2016-12-31
1012357,2017-05-21
1012358,2016-10-29
1012359,2016-12-17
1012362,2017-04-08
1012363,2017-04-08
1012364,2016-10-29
1012365,2016-11-16
1012366,2016-12-20
1012367,2016-09-28
1012368,2016-10-27
1012369,2016-10-25
1012372,2016-12-31
1012373,2016-09-22
1012374,2016-11-29
1012375,2016-10-25
1012377,2016-10-26
1012378,2016-10-27
1012379,2016-11-05
1012380,2016-10-15
1012381,2016-09-03
1012383,2016-09-02
1012384,2016-10-14
1012386,2016-11-19
1012387,2017-04-29
1012388,2016-09-29
1012389,2016-09-29
1012390,2016-10-29
1012391,2016-03-27
1012392,2016-09-16
1012393,2016-10-07
1012395,2016-09-24
1012396,2016-10-13
1012398,2016-12-31
1012399,2016-09-17
1012402,2017-04-01
1012403,2016-10-27
1012404,2016-10-15
1012407,2016-10-19
1012408,2016-10-27
1012409,2017-03-31
1012410,2016-11-30
1012412,2016-09-29
1012413,2016-10-26
1012414,2016-09-28
1012415,2016-12-31
1012417,2016-09-27
1012418,2016-10-05
1012419,2016-11-30
1012420,2016-10-11
1012421,2016-10-05
1012422,2016-11-17
1012423,2016-10-06
1012424,2016-11-22
1012425,2016-10-30
1012426,2016-10-27
1012427,2016-10-27
1012429,2016-12-17
1012430,2016-10-29
1012432,2016-10-09
1012433,2016-10-29
1012435,2016-11-05
1012436,2016-09-24
1012437,2016-12-31
1012439,2016-09-29
1012441,2016-12-31
1012442,2016-09-09
1012443,2016-10-29
1012444,2016-12-17
1012445,2016-10-01
1012446,2016-11-19
1012447,2016-11-01
1012448,2016-09-01
1012449,2016-10-14
1012450,2016-10-16
1012451,2016-10-25
1012452,2016-09-30
1012453,2016-10-27
1012454,2016-11-17
1012455,2016-11-25
1012456,2016-05-28
1012460,2016-10-29
1012461,2016-10-08
1012462,2016-10-29
1012463,2016-11-23
1012464,2016-11-18
1012465,2016-11-14
1012467,2016-10-09
1012470,2016-10-09
1012471,2016-10-28
1012472,2016-12-10
1012473,2016-10-29
1012474,2016-10-28
1012475,2016-10-26
1012476,2016-11-22
1012477,2016-11-25
1012479,2016-11-21
1012481,2016-09-29
1012482,2016-10-19
1012484,2016-07-30
1012485,2016-10-26
1012486,2016-10-24
1012487,2016-10-12
1012488,2016-10-01
1012490,2016-12-17
1012492,2016-10-08
1012493,2016-06-18
1012494,2016-10-27
1012495,2016-12-31
1012497,2016-09-24
1012498,2017-05-27
1012499,2016-11-23
1012500,2017-05-28
1012502,2016-10-24
1012503,2017-03-01
1012505,2016-10-01
1012506,2016-09-28
1012507,2016-10-29
1012508,2017-01-15
1012509,2016-12-11
1012510,2016-12-10
1012511,2016-09-27
1012513,2016-10-29
1012514,2016-09-30
1012515,2016-09-30
1012516,2016-08-29
1012517,2016-12-31
1012518,2016-08-17
1012519,2016-08-27
1012520,2016-10-01
1012521,2016-09-30
1012522,2016-10-15
1012523,2017-04-08
1012524,2016-10-22
1012525,2016-09-29
1012526,2016-10-29
1012527,2016-12-31
1012529,2016-12-31
1012530,2016-12-31
1012532,2016-10-25
1012533,2016-12-31
1012534,2016-12-31
1012535,2016-10-31
1012536,2016-12-31
1012539,2016-09-29
1012540,2016-09-24
1012541,2016-10-31
1012542,2016-11-20
1012543,2016-09-29
1012544,2016-10-30
1012545,2016-09-26
1012546,2016-11-23
1012547,2017-02-25
1012550,2016-10-25
1012552,2016-12-31
1012553,2016-10-01
1012554,2016-12-31
1012555,2016-09-27
1012556,2016-10-23
1012558,2016-12-31
1012559,2016-10-15
1012560,2016-12-10
1012562,2016-10-12
1012563,2016-11-05
1012564,2016-12-31
1012567,2016-12-31
1012572,2016-09-15
1012573,2016-09-24
1012575,2017-04-08
1012576,2016-11-19
1012577,2016-10-29
1012579,2016-10-27
1012580,2016-11-19
1012584,2016-10-15
1012587,2017-04-26
1012589,2016-10-13
1012590,2016-11-19
1012591,2017-05-28
1012593,2016-10-27
1012595,2016-12-31
1012599,2016-10-08
1012600,2016-10-29
1012602,2016-10-29
1012603,2016-09-29
1012604,2016-10-29
1012606,2016-10-29
1012607,2016-09-26
1012608,2016-10-29
1012609,2016-09-29
1012610,2016-12-31
1012611,2016-10-29
1012612,2016-09-30
1012614,2016-09-28
1012615,2016-11-26
1012616,2016-10-29
1012618,2017-04-29
1012619,2016-10-03
1012620,2016-10-10
1012621,2016-09-29
1012623,2016-10-16
1012624,2016-05-02
1012625,2016-10-01
1012626,2016-10-15
1012627,2016-11-22
1012628,2016-10-15
1012629,2016-10-28
1012630,2016-09-24
1012632,2016-12-31
1012633,2016-11-06
1012634,2016-10-13
1012635,2016-10-09
1012636,2016-10-05
1012637,2016-09-24
1012638,2016-09-24
1012639,2016-10-29
1012640,2016-10-31
1012641,2016-09-21
1012642,2016-05-07
1012644,2016-10-29
1012645,2016-12-31
1012646,2016-12-18
1012647,2016-12-31
1012648,2016-10-15
1012649,2016-12-31
1012651,2017-05-28
1012652,2016-12-31
1012653,2016-09-27
1012654,2017-05-26
1012655,2017-05-27
1012656,2016-09-30
1012657,2017-01-12
1012659,2017-05-25
1012661,2016-11-19
1012662,2016-11-19
1012663,2016-11-16
1012664,2016-12-31
1012665,2016-12-31
1012666,2016-12-31
1012667,2016-10-30
1012668,2016-10-22
1012669,2016-10-12
1012670,2016-10-29
1012671,2016-09-11
1012675,2016-10-29
1012676,2016-10-31
1012677,2016-10-08
1012678,2016-10-26
1012679,2016-08-31
1012680,2016-09-03
1012681,2016-10-15
1012682,2016-09-27
1012683,2016-09-30
1012684,2016-08-31
1012685,2016-08-26
1012687,2016-12-31
1012688,2016-12-31
1012689,2017-06-24
1012690,2016-10-29
1012691,2016-11-13
1012692,2016-09-29
1012693,2016-10-29
1012695,2016-11-05
1012696,2017-03-12
1012697,2016-10-26
1012698,2016-10-29
1012699,2016-12-31
1012700,2016-12-22
1012701,2016-09-27
1012702,2016-12-31
1012703,2017-03-11
1012705,2016-11-05
1012706,2016-08-30
1012707,2016-10-26
1012708,2016-09-27
1012709,2016-09-10
1012710,2016-11-19
1012711,2016-10-01
1012712,2016-09-28
1012713,2016-10-08
1012714,2016-09-29
1012716,2016-10-28
1012717,2016-12-31
1012718,2016-10-29
1012719,2016-09-18
1012720,2016-09-23
1012723,2016-12-10
1012724,2016-10-28
1012725,2016-09-24
1012726,2016-12-10
1012728,2016-10-01
1012729,2016-10-01
1012730,2016-12-20
1012731,2016-12-31
1012732,2016-12-31
1012734,2016-12-31
1012736,2016-10-27
1012737,2016-10-27
1012738,2016-10-29
1012739,2016-10-31
1012741,2016-11-19
1012742,2016-10-30
1012744,2016-11-19
1012747,2016-10-28
1012748,2016-10-26
1012749,2016-12-31
1012750,2016-11-19
1012751,2016-10-25
1012752,2017-04-28
1012753,2017-04-26
1012754,2017-04-29
1012756,2017-04-28
1012759,2016-09-27
1012761,2016-10-29
1012762,2016-10-31
1012765,2016-09-24
1012766,2016-10-29
1012767,2016-09-21
1012768,2016-10-15
1012770,2016-10-06
1012771,2016-09-06
1012773,2017-10-28
1012774,2016-10-15
1012775,2016-09-28
1012777,2016-12-31
1012779,2016-09-30
1012781,2016-12-31
1012782,2016-10-28
1012783,2016-12-17
1012784,2016-09-29
1012785,2017-09-26
1012788,2016-10-29
1012789,2016-10-29
1012790,2018-06-30
1012792,2017-02-25
1012793,2016-12-31
1012794,2017-11-18
1012796,2016-10-20
1012799,2016-10-08
1012801,2016-10-25
1012802,2016-12-31
1012803,2016-12-31
1012804,2016-12-31
1012808,2017-04-15
1012809,2017-04-15
1012812,2016-10-09
1012815,2017-10-07
1012817,2016-10-28
1012818,2016-10-26
1012822,2016-10-27
1012824,2016-10-25
1012825,2016-10-26
1012826,2016-12-31
1012827,2016-12-31
1012838,2016-12-31
1012839,2016-09-08
1012841,2016-12-31
1012842,2016-12-31
1012843,2017-10-15
1012844,2017-10-28
1016768,2016-10-01
1016770,2017-02-04
2000005,2014-12-31
2000021,2014-07-31
